TIME PERIOD,PRODUCT,TOTAL DOLS (000),NETWORK TV DOLS (000),CABLE TV DOLS (000),SYNDICATION DOLS (000),SPOT TV DOLS (000),MAGAZINES DOLS (000),NATL NEWSP DOLS (000),NEWSPAPER DOLS (000),NETWORK RADIO DOLS (000),NAT SPOT RADIO DOLS (000),OUTDOOR DOLS (000)
"WEEK OF OCT 07, 2013 (B)",Home Depot Home Center & Kidde : Combo Vignette,6.3,0,0,0,6.3,0,0,0,0,0,0
"WEEK OF OCT 07, 2013 (B)",Home Depot Home Center : Home Center/Hardware Store,5128.7,1465.2,1211.8,171.9,348.3,0,0,238.2,1635.2,58.3,0
"WEEK OF OCT 07, 2013 (B)",Home Depot Home Center : Vignette,2.6,0,2.6,0,0,0,0,0,0,0,0
"WEEK OF OCT 14, 2013 (B)",Home Depot Home Center & Kidde : Combo Vignette,6.1,0,0,0,6.1,0,0,0,0,0,0
"WEEK OF OCT 14, 2013 (B)",Home Depot Home Center : Home Center/Hardware Store,4760.4,1753.1,1105.8,91.1,116.9,0,0,0,1635.2,58.3,0
"WEEK OF OCT 14, 2013 (B)",Home Depot Home Center : Vignette,13.9,0,13.9,0,0,0,0,0,0,0,0
"WEEK OF OCT 21, 2013 (B)",Home Depot Home Center & Kidde : Combo Vignette,6.1,0,0,0,6.1,0,0,0,0,0,0
"WEEK OF OCT 21, 2013 (B)",Home Depot Home Center : Home Center/Hardware Store,7545.3,3304.3,2106.4,164.9,276.2,0,0,0,1635.2,58.3,0
"WEEK OF OCT 21, 2013 (B)",Home Depot Home Center : Vignette,4.4,0,3.9,0,0.5,0,0,0,0,0,0
"WEEK OF OCT 28, 2013 (B)",Home Depot Home Center & Kidde : Combo Vignette,0.6,0,0,0,0.6,0,0,0,0,0,0
"WEEK OF OCT 28, 2013 (B)",Home Depot Home Center : Home Center/Hardware Store,10623.3,4027.4,2161.5,149.3,341.4,2216.8,0,36.4,1500.4,91,99
"WEEK OF OCT 28, 2013 (B)",Home Depot Home Center : Vignette,2,0,1.5,0,0.6,0,0,0,0,0,0
"WEEK OF NOV 04, 2013 (B)",Home Depot Home Center & Kidde : Combo Vignette,0.2,0,0,0,0.2,0,0,0,0,0,0
"WEEK OF NOV 04, 2013 (B)",Home Depot Home Center : Home & Building Products DR,15.5,0,0,0,0,0,0,15.5,0,0,0
"WEEK OF NOV 04, 2013 (B)",Home Depot Home Center : Home Center/Hardware Store,7003,3044.9,1279.8,40.7,849.7,0,0,332.5,1320.7,134.7,0
"WEEK OF NOV 04, 2013 (B)",Home Depot Home Center : Vignette,1.8,0,1.3,0,0.5,0,0,0,0,0,0
"WEEK OF NOV 11, 2013 (B)",Home Depot Home Center & Kidde : Combo Vignette,6,0,0,0,6,0,0,0,0,0,0
"WEEK OF NOV 11, 2013 (B)",Home Depot Home Center : Home Center/Hardware Store,6328.8,2503.7,1867.9,107.2,116.4,0,0,278.3,1320.7,134.7,0
"WEEK OF NOV 11, 2013 (B)",Home Depot Home Center : Vignette,5.8,0,5.8,0,0,0,0,0,0,0,0
"WEEK OF NOV 18, 2013 (B)",Home Depot Home Center & Kidde : Combo Vignette,7,0,0,0,7,0,0,0,0,0,0
"WEEK OF NOV 18, 2013 (B)",Home Depot Home Center : Home Center/Hardware Store,5840,2454.6,1556.3,53.2,48.1,0,19.2,253.4,1320.7,134.7,0
"WEEK OF NOV 18, 2013 (B)",Home Depot Home Center : Vignette,5,0,5,0,0,0,0,0,0,0,0
"WEEK OF NOV 25, 2013 (B)",Home Depot Home Center & Kidde : Combo Vignette,9,0,0,0,9,0,0,0,0,0,0
"WEEK OF NOV 25, 2013 (B)",Home Depot Home Center : Home Center/Hardware Store,9510.2,3217.8,1872.9,237.6,84.1,1606.6,53.2,958.4,1331.1,117.1,31.4
"WEEK OF NOV 25, 2013 (B)",Home Depot Home Center : Lawn & Garden Products DR,4.5,0,0,0,0,0,0,4.5,0,0,0
"WEEK OF NOV 25, 2013 (B)",Home Depot Home Center : Online,80.8,0,0,0,0,80.8,0,0,0,0,0
"WEEK OF NOV 25, 2013 (B)",Home Depot Home Center : Vignette,6.2,0,6.2,0,0,0,0,0,0,0,0
"WEEK OF DEC 02, 2013 (B)",Home Depot Home Center & Kidde : Combo Vignette,9.1,0,0,0,9.1,0,0,0,0,0,0
"WEEK OF DEC 02, 2013 (B)",Home Depot Home Center : Home Center/Hardware Store,4352,1741.9,1135,12.8,56.5,0,0,0,1393.7,12.1,0
"WEEK OF DEC 02, 2013 (B)",Home Depot Home Center : Vignette,6.6,0,6.6,0,0,0,0,0,0,0,0
"WEEK OF DEC 09, 2013 (B)",Home Depot Home Center & Kidde : Combo Vignette,0.5,0,0,0,0.5,0,0,0,0,0,0
"WEEK OF DEC 09, 2013 (B)",Home Depot Home Center : Home Center/Hardware Store,3632.8,1309.9,794.3,14.6,54.6,0,0,53.7,1393.7,12.1,0
"WEEK OF DEC 09, 2013 (B)",Home Depot Home Center : Vignette,3.8,0,3.8,0,0,0,0,0,0,0,0
"WEEK OF DEC 16, 2013 (B)",Home Depot Home Center & Kidde : Combo Vignette,0.1,0,0,0,0.1,0,0,0,0,0,0
"WEEK OF DEC 16, 2013 (B)",Home Depot Home Center : Home Center/Hardware Store,4234.7,1397.7,1291.3,65.3,74.6,0,0,0,1393.7,12.1,0
"WEEK OF DEC 16, 2013 (B)",Home Depot Home Center : Vignette,7.5,0,7.5,0,0,0,0,0,0,0,0
"WEEK OF DEC 16, 2013 (B)",Violet Play/Home Depot & Exxon Mobile : Sponsored Event,4.3,0,0,0,0,0,0,4.3,0,0,0
"WEEK OF DEC 23, 2013 (B)",Home Depot Home Center & Kidde : Combo Vignette,2.9,0,0,0,2.9,0,0,0,0,0,0
"WEEK OF DEC 23, 2013 (B)",Home Depot Home Center : Home Center/Hardware Store,2775.7,0,1103.7,10.7,40.8,0,0,214.7,1393.7,12.1,0
"WEEK OF DEC 23, 2013 (B)",Home Depot Home Center : Lawn & Garden Products DR,4.5,0,0,0,0,0,0,4.5,0,0,0
"WEEK OF DEC 30, 2013 (B)",Home Depot Home Center & Kidde : Combo Vignette,2,0,0,0,2,0,0,0,0,0,0
"WEEK OF DEC 30, 2013 (B)",Home Depot Home Center : Home Center/Hardware Store,9412.4,4201.3,2626.2,108,54.1,1515.1,0,1.2,895.5,7.4,3.7
"WEEK OF DEC 30, 2013 (B)",Home Depot Home Center : Online,426.1,0,0,0,0,426.1,0,0,0,0,0
"WEEK OF DEC 30, 2013 (B)",Home Depot Home Center : Vignette,13.6,0,13.6,0,0,0,0,0,0,0,0
"WEEK OF DEC 30, 2013 (B)",Violet Play/Home Depot & Exxon Mobile : Sponsored Event,2.7,0,0,0,0,0,0,2.7,0,0,0
"WEEK OF JAN 06, 2014 (B)",Home Depot Home Center & Kidde : Combo Vignette,5.6,0,0,0,5.6,0,0,0,0,0,0
"WEEK OF JAN 06, 2014 (B)",Home Depot Home Center : Home Center/Hardware Store,3840.9,670.8,2252.1,107.7,43,0,0,65.6,696.2,5.5,0
"WEEK OF JAN 06, 2014 (B)",Home Depot Home Center : Vignette,10.6,0,10.6,0,0,0,0,0,0,0,0
"WEEK OF JAN 13, 2014 (B)",Home Depot Home Center & Kidde : Combo Vignette,3.3,0,0,0,3.3,0,0,0,0,0,0
"WEEK OF JAN 13, 2014 (B)",Home Depot Home Center : Home Center/Hardware Store,3579.8,840.8,1353.8,249,55.1,0,0,379.4,696.2,5.5,0
"WEEK OF JAN 13, 2014 (B)",Home Depot Home Center : Lawn & Garden Products DR,6.8,0,0,0,0,0,0,6.8,0,0,0
"WEEK OF JAN 13, 2014 (B)",Home Depot Home Center : Vignette,15.5,0,15.5,0,0,0,0,0,0,0,0
"WEEK OF JAN 20, 2014 (B)",Home Depot Home Center & Kidde : Combo Vignette,1.1,0,0,0,1.1,0,0,0,0,0,0
"WEEK OF JAN 20, 2014 (B)",Home Depot Home Center : Home Center/Hardware Store,4574.2,2073.1,1595.3,124,80.1,0,0,0,696.2,5.5,0
"WEEK OF JAN 20, 2014 (B)",Home Depot Home Center : Vignette,3.7,0,3.7,0,0,0,0,0,0,0,0
"WEEK OF JAN 27, 2014 (B)",Home Depot Home Center & Kidde : Combo Vignette,3.2,0,0,0,3.2,0,0,0,0,0,0
"WEEK OF JAN 27, 2014 (B)",Home Depot Home Center : Home Center/Hardware Store,1073.9,39.1,187.9,39,6.1,0,0,66.1,729,4.3,2.4
"WEEK OF FEB 03, 2014 (B)",Home Depot Home Center : Home Center/Hardware Store,889.5,0,0,76.6,0,0,0,0.6,811,1.3,0
"WEEK OF FEB 10, 2014 (B)",Home Depot Home Center : Home Center/Hardware Store,1358.1,0,0,109.8,0,0,0,436,811,1.3,0
"WEEK OF FEB 17, 2014 (B)",Home Depot Home Center : Home Center/Hardware Store,1038.2,0,0,219.9,0,0,0,6,811,1.3,0
"WEEK OF FEB 24, 2014 (B)",Home Depot Home Center & Kidde : Combo Vignette,0.1,0,0,0,0.1,0,0,0,0,0,0
"WEEK OF FEB 24, 2014 (B)",Home Depot Home Center : Home & Building Products DR,0.2,0,0,0,0,0,0,0.2,0,0,0
"WEEK OF FEB 24, 2014 (B)",Home Depot Home Center : Home Center/Hardware Store,2075.4,17,541.8,79.2,7.5,474.8,0,2.7,830,119.1,3.4
"WEEK OF FEB 24, 2014 (B)",Home Depot Home Center : Recruitment,308.8,0,0,0,0,308.8,0,0,0,0,0
"WEEK OF FEB 24, 2014 (B)",Home Depot Home Center : Vignette,5.9,0,5.9,0,0,0,0,0,0,0,0
"WEEK OF MAR 03, 2014 (B)",Home Depot Home Center & Kidde : Combo Vignette,0.6,0,0,0,0.6,0,0,0,0,0,0
"WEEK OF MAR 03, 2014 (B)",Home Depot Home Center : Home Center/Hardware Store,3907.7,703.1,1490.3,231.6,177.8,0,0,13.9,877.4,413.5,0
"WEEK OF MAR 03, 2014 (B)",Home Depot Home Center : Vignette,13.1,0,13.1,0,0,0,0,0,0,0,0
"WEEK OF MAR 10, 2014 (B)",Home Depot Home Center & Kidde : Combo Vignette,0.6,0,0,0,0.6,0,0,0,0,0,0
"WEEK OF MAR 10, 2014 (B)",Home Depot Home Center : Home & Building Products DR,1,0,0,0,0,0,0,1,0,0,0
"WEEK OF MAR 10, 2014 (B)",Home Depot Home Center : Home Center/Hardware Store,4799.6,294.3,2903,73.7,151.9,0,3.1,82.5,877.4,413.5,0
"WEEK OF MAR 10, 2014 (B)",Home Depot Home Center : Online,2,0,0,0,0,0,2,0,0,0,0
"WEEK OF MAR 10, 2014 (B)",Home Depot Home Center : Vignette,17.8,0,17.8,0,0,0,0,0,0,0,0
"WEEK OF MAR 17, 2014 (B)",Home Depot Home Center & Kidde : Combo Vignette,0.1,0,0,0,0.1,0,0,0,0,0,0
"WEEK OF MAR 17, 2014 (B)",Home Depot Home Center : Home Center/Hardware Store,6586.6,2561.5,2161,179.7,51.8,0,8.6,333,877.4,413.5,0
"WEEK OF MAR 17, 2014 (B)",Home Depot Home Center : Lawn & Garden Products DR,5.3,0,0,0,0,0,0,5.3,0,0,0
"WEEK OF MAR 17, 2014 (B)",Home Depot Home Center : Vignette,35.4,0,35.4,0,0,0,0,0,0,0,0
"WEEK OF MAR 24, 2014 (B)",Home Depot Home Center & Kidde : Combo Vignette,0.1,0,0,0,0.1,0,0,0,0,0,0
"WEEK OF MAR 24, 2014 (B)",Home Depot Home Center : Home Center/Hardware Store,5561.1,1740.8,2253.5,233.3,38.5,0,3.5,0.6,877.4,413.5,0
"WEEK OF MAR 24, 2014 (B)",Home Depot Home Center : Vignette,35.5,0,35.5,0,0,0,0,0,0,0,0
"WEEK OF MAR 31, 2014 (B)",Home Depot Home Center & Kidde : Combo Vignette,0.8,0,0,0,0.8,0,0,0,0,0,0
"WEEK OF MAR 31, 2014 (B)",Home Depot Home Center : Home Center/Hardware Store,8547.7,2844.1,1755.1,147.9,97.8,1335.2,0,405.4,1169.2,786.3,6.6
"WEEK OF MAR 31, 2014 (B)",Home Depot Home Center : Lawn & Garden Products DR,8,0,0,0,0,0,0,8,0,0,0
"WEEK OF MAR 31, 2014 (B)",Home Depot Home Center : Vignette,13.6,0,13.6,0,0,0,0,0,0,0,0
"WEEK OF APR 07, 2014 (B)",Atlanta Braves Baseball Team/Home Depot : Sponsored Event,4.1,0,0,0,0,0,0,4.1,0,0,0
"WEEK OF APR 07, 2014 (B)",Home Depot Home Center & Kidde : Combo Vignette,0.3,0,0,0,0.3,0,0,0,0,0,0
"WEEK OF APR 07, 2014 (B)",Home Depot Home Center : Home & Building Products DR,1.9,0,0,0,0,0,1.9,0,0,0,0
"WEEK OF APR 07, 2014 (B)",Home Depot Home Center : Home Center/Hardware Store,7161.4,2601.5,2038.1,418.3,33.8,0,3.5,0,1217.8,848.4,0
"WEEK OF APR 07, 2014 (B)",Home Depot Home Center : Vignette,14.9,0,14.9,0,0,0,0,0,0,0,0
"WEEK OF APR 14, 2014 (B)",Home Depot Home Center & Kidde : Combo Vignette,0.1,0,0,0,0.1,0,0,0,0,0,0
"WEEK OF APR 14, 2014 (B)",Home Depot Home Center : Home Center/Hardware Store,6910.1,2132.1,2542.4,104,53.4,0,12,0,1217.8,848.4,0
"WEEK OF APR 14, 2014 (B)",Home Depot Home Center : Vignette,3.1,0,0,0,3.1,0,0,0,0,0,0
"WEEK OF APR 21, 2014 (B)",Home Depot Home Center & Kidde : Combo Vignette,0.4,0,0,0,0.4,0,0,0,0,0,0
"WEEK OF APR 21, 2014 (B)",Home Depot Home Center : Home Center/Hardware Store,5227.3,1281.1,1335.8,46.5,58.1,0,3.5,436.2,1217.8,848.4,0
"WEEK OF APR 21, 2014 (B)",Home Depot Home Center : Vignette,67.2,0,21.6,0,45.6,0,0,0,0,0,0
"WEEK OF APR 28, 2014 (B)",Home Depot Home Center & Kidde : Combo Vignette,0.5,0,0,0,0.5,0,0,0,0,0,0
"WEEK OF APR 28, 2014 (B)",Home Depot Home Center : Home & Building Products DR,1,0,0,0,0,0,0,0,0,0,1
"WEEK OF APR 28, 2014 (B)",Home Depot Home Center : Home Center/Hardware Store,9894.6,2305.1,2320,136.5,88.5,2396.6,0,550.3,1398.3,696.8,2.5
"WEEK OF APR 28, 2014 (B)",Home Depot Home Center : Lawn & Garden Products DR,11.8,0,0,0,0,0,0,11.8,0,0,0
"WEEK OF APR 28, 2014 (B)",Home Depot Home Center : Vignette,8,0,8,0,0,0,0,0,0,0,0
"WEEK OF MAY 05, 2014 (B)",Home Depot Home Center & Kidde : Combo Vignette,0.6,0,0,0,0.6,0,0,0,0,0,0
"WEEK OF MAY 05, 2014 (B)",Home Depot Home Center : Home Center/Hardware Store,7559.5,2397.4,2276.2,125.3,114.8,0,5.4,523.5,1533.7,583.2,0
"WEEK OF MAY 05, 2014 (B)",Home Depot Home Center : Lawn & Garden Products DR,11.7,0,0,0,0,0,0,11.7,0,0,0
"WEEK OF MAY 05, 2014 (B)",Home Depot Home Center : Vignette,40.7,0,40.7,0,0,0,0,0,0,0,0
"WEEK OF MAY 05, 2014 (B)",Home Depot Inc : Recruitment,0.8,0,0,0,0,0,0,0.8,0,0,0
"WEEK OF MAY 12, 2014 (B)",Home Depot Home Center & Kidde : Combo Vignette,0.2,0,0,0,0.2,0,0,0,0,0,0
"WEEK OF MAY 12, 2014 (B)",Home Depot Home Center : Home Center/Hardware Store,7314.5,1867.1,2544.6,154.4,92.9,0,0,538.5,1533.7,583.2,0
"WEEK OF MAY 12, 2014 (B)",Home Depot Home Center : Vignette,42.1,0,42.1,0,0,0,0,0,0,0,0
"WEEK OF MAY 12, 2014 (B)",Home Depot Inc : Recruitment,0.8,0,0,0,0,0,0,0.8,0,0,0
"WEEK OF MAY 19, 2014 (B)",Home Depot Home Center & Kidde : Combo Vignette,0.6,0,0,0,0.6,0,0,0,0,0,0
"WEEK OF MAY 19, 2014 (B)",Home Depot Home Center : Home & Building Products DR,7.8,0,0,0,0,0,0,7.8,0,0,0
"WEEK OF MAY 19, 2014 (B)",Home Depot Home Center : Home Center/Hardware Store,7753.4,2037.1,2523.6,105.9,71.3,0,0,898.6,1533.7,583.2,0
"WEEK OF MAY 19, 2014 (B)",Home Depot Home Center : Lawn & Garden Products DR,17.7,0,0,0,0,0,0,17.7,0,0,0
"WEEK OF MAY 19, 2014 (B)",Home Depot Home Center : Vignette,38.9,0,38.9,0,0,0,0,0,0,0,0
"WEEK OF MAY 26, 2014 (B)",Home Depot Home Center & Kidde : Combo Vignette,1,0,0,0,1,0,0,0,0,0,0
"WEEK OF MAY 26, 2014 (B)",Home Depot Home Center : Home & Building Products DR,0,0,0,0,0,0,0,0,0,0,0
"WEEK OF MAY 26, 2014 (B)",Home Depot Home Center : Home Center/Hardware Store,12679.8,2912.9,2924.2,85,92.5,4440.9,0,32.9,1669.7,518.1,3.4
"WEEK OF MAY 26, 2014 (B)",Home Depot Home Center : Vignette,14.8,0,14.8,0,0,0,0,0,0,0,0
"WEEK OF JUN 02, 2014 (B)",Home Depot Center Stadium,7.1,0,0,0,0,0,0,7.1,0,0,0
"WEEK OF JUN 02, 2014 (B)",Home Depot Home Center & Kidde : Combo Vignette,0.1,0,0,0,0.1,0,0,0,0,0,0
"WEEK OF JUN 02, 2014 (B)",Home Depot Home Center : Home & Building Products DR,3.7,0,0,0,0,0,0,3.7,0,0,0
"WEEK OF JUN 02, 2014 (B)",Home Depot Home Center : Home Center/Hardware Store,9322.8,2308.8,3259.9,149.4,237.4,0,0,753.9,2485.6,127.9,0
"WEEK OF JUN 02, 2014 (B)",Home Depot Home Center : Lawn & Garden Products DR,14.2,0,0,0,0,0,0,14.2,0,0,0
"WEEK OF JUN 02, 2014 (B)",Home Depot Home Center : Vignette,17.4,0,16.7,0,0.7,0,0,0,0,0,0
"WEEK OF JUN 09, 2014 (B)",Home Depot Home Center & Kidde : Combo Vignette,0.1,0,0,0,0.1,0,0,0,0,0,0
"WEEK OF JUN 09, 2014 (B)",Home Depot Home Center : Home Center/Hardware Store,8087.6,1721.3,2903,370,461,4.5,0,14.3,2485.6,127.9,0
"WEEK OF JUN 09, 2014 (B)",Home Depot Home Center : Vignette,21.8,0,21.8,0,0,0,0,0,0,0,0
"WEEK OF JUN 16, 2014 (B)",Home Depot & Sacramento Municipal Utility District : Combo,0.5,0,0,0,0,0,0,0.5,0,0,0
"WEEK OF JUN 16, 2014 (B)",Home Depot Home Center & Kidde : Combo Vignette,0.7,0,0,0,0.7,0,0,0,0,0,0
"WEEK OF JUN 16, 2014 (B)",Home Depot Home Center : Home Center/Hardware Store,5224.6,894,1310.6,111.5,39.1,0,0,255.8,2485.6,127.9,0
"WEEK OF JUN 16, 2014 (B)",Home Depot Home Center : Lawn & Garden Products DR,4.7,0,0,0,0,0,0,4.7,0,0,0
"WEEK OF JUN 16, 2014 (B)",Home Depot Home Center : Vignette,13.9,0,13.9,0,0,0,0,0,0,0,0
"WEEK OF JUN 23, 2014 (B)",Home Depot Home Center & Kidde : Combo Vignette,0.1,0,0,0,0.1,0,0,0,0,0,0
"WEEK OF JUN 23, 2014 (B)",Home Depot Home Center : Home Center/Hardware Store,8513.2,2171,2768.8,206.8,110.3,0,0,642.8,2485.6,127.9,0
"WEEK OF JUN 23, 2014 (B)",Home Depot Home Center : Lawn & Garden Products DR,7,0,0,0,0,0,0,7,0,0,0
"WEEK OF JUN 23, 2014 (B)",Home Depot Home Center : Vignette,11.5,0,11.5,0,0,0,0,0,0,0,0
"WEEK OF JUN 30, 2014 (B)",Home Depot Home Center & Kidde : Combo Vignette,1.4,0,0,0,1.4,0,0,0,0,0,0
"WEEK OF JUN 30, 2014 (B)",Home Depot Home Center : Home Center/Hardware Store,9513.5,1460.7,2185.1,363.5,48.2,3739.2,0,181.7,1506.9,24.3,3.8
"WEEK OF JUN 30, 2014 (B)",Home Depot Home Center : Vignette,13.6,0,13.6,0,0,0,0,0,0,0,0
"WEEK OF JUL 07, 2014 (B)",Home Depot Home Center & Kidde : Combo Vignette,0.2,0,0,0,0.2,0,0,0,0,0,0
"WEEK OF JUL 07, 2014 (B)",Home Depot Home Center : Home Center/Hardware Store,3494,833.4,1156.4,88.5,64.3,0,0,0.5,1343.8,7.1,0
"WEEK OF JUL 07, 2014 (B)",Home Depot Home Center : Vignette,7.9,0,7.9,0,0,0,0,0,0,0,0
"WEEK OF JUL 14, 2014 (B)",Home Depot Home Center & Kidde : Combo Vignette,0.5,0,0,0,0.5,0,0,0,0,0,0
"WEEK OF JUL 14, 2014 (B)",Home Depot Home Center : Home Center/Hardware Store,3911,896.3,1430.1,205.9,27.8,0,0,0,1343.8,7.1,0
"WEEK OF JUL 14, 2014 (B)",Home Depot Home Center : Vignette,10.3,0,9.4,0.8,0,0,0,0,0,0,0
"WEEK OF JUL 21, 2014 (B)",Home Depot Home Center & Kidde : Combo Vignette,0.5,0,0,0,0.5,0,0,0,0,0,0
"WEEK OF JUL 21, 2014 (B)",Home Depot Home Center : Home Center/Hardware Store,3740.3,967.3,1303.3,73.5,45.3,0,0,0,1343.8,7.1,0
"WEEK OF JUL 21, 2014 (B)",Home Depot Home Center : Vignette,33.5,0,32.7,0.8,0,0,0,0,0,0,0
"WEEK OF JUL 28, 2014 (B)",Home Depot Home Center & Kidde : Combo Vignette,1.8,0,0,0,1.8,0,0,0,0,0,0
"WEEK OF JUL 28, 2014 (B)",Home Depot Home Center : Home Center/Hardware Store,6236.3,693.4,1301.3,83.3,54.1,2549.9,0,292.3,1246.5,13.3,2.4
"WEEK OF JUL 28, 2014 (B)",Home Depot Home Center : Lawn & Garden Products DR,7.1,0,0,0,0,0,0,7.1,0,0,0
"WEEK OF JUL 28, 2014 (B)",Home Depot Home Center : Vignette,7.2,0,6.4,0.8,0,0,0,0,0,0,0
"WEEK OF AUG 04, 2014 (B)",Home Depot Home Center & Kidde : Combo Vignette,1,0,0,0,1,0,0,0,0,0,0
"WEEK OF AUG 04, 2014 (B)",Home Depot Home Center : Home Center/Hardware Store,2361.9,65.2,974.7,62.1,121.7,0,0,0,1116.7,21.6,0
"WEEK OF AUG 04, 2014 (B)",Home Depot Home Center : Vignette,5.2,0,4.4,0.8,0,0,0,0,0,0,0
"WEEK OF AUG 11, 2014 (B)",Home Depot Home Center & Kidde : Combo Vignette,0.6,0,0,0,0.6,0,0,0,0,0,0
"WEEK OF AUG 11, 2014 (B)",Home Depot Home Center : Home Center/Hardware Store,3419.4,687.7,1510,42.1,41.3,0,0,0,1116.7,21.6,0
"WEEK OF AUG 11, 2014 (B)",Home Depot Home Center : Vignette,13.1,0,12.3,0.8,0,0,0,0,0,0,0
"WEEK OF AUG 18, 2014 (B)",Home Depot Home Center & Kidde : Combo Vignette,0.1,0,0,0,0.1,0,0,0,0,0,0
"WEEK OF AUG 18, 2014 (B)",Home Depot Home Center : Home Center/Hardware Store,3138.2,48.1,1751,118.8,82,0,0,0,1116.7,21.6,0
"WEEK OF AUG 18, 2014 (B)",Home Depot Home Center : Vignette,14.3,0,14.3,0,0,0,0,0,0,0,0
"WEEK OF AUG 25, 2014 (B)",Home Depot Home Center & Kidde : Combo Vignette,0.1,0,0,0,0.1,0,0,0,0,0,0
"WEEK OF AUG 25, 2014 (B)",Home Depot Home Center : Home Center/Hardware Store,4729,1050.7,1791.1,73.8,58.9,0,0,616.3,1116.7,21.6,0
"WEEK OF AUG 25, 2014 (B)",Home Depot Home Center : Vignette,21.8,0,21,0.8,0,0,0,0,0,0,0
"WEEK OF SEP 01, 2014 (B)",Home Depot Home Center & Kidde : Combo Vignette,1.4,0,0,0,1.4,0,0,0,0,0,0
"WEEK OF SEP 01, 2014 (B)",Home Depot Home Center : Home Center/Hardware Store,5374.4,940.3,696.4,8.7,73.7,2648.3,0,0,956.1,47.5,3.3
"WEEK OF SEP 01, 2014 (B)",Home Depot Home Center : Vignette,15.9,0,15,1,0,0,0,0,0,0,0
"WEEK OF SEP 08, 2014 (B)",Home Depot Home Center & Kidde : Combo Vignette,0.8,0,0,0,0.8,0,0,0,0,0,0
"WEEK OF SEP 08, 2014 (B)",Home Depot Home Center : Home Center/Hardware Store,5608.6,2833.9,1527.5,49.1,98.4,0,0,96.1,956.1,47.5,0
"WEEK OF SEP 08, 2014 (B)",Home Depot Home Center : Vignette,28.9,0,27.9,1,0,0,0,0,0,0,0
"WEEK OF SEP 15, 2014 (B)",Home Depot Home Center & Kidde : Combo Vignette,1.7,0,0,0,1.7,0,0,0,0,0,0
"WEEK OF SEP 15, 2014 (B)",Home Depot Home Center : Home Center/Hardware Store,4742.3,2152.2,1515,34.3,37.1,0,0,0,956.1,47.5,0
"WEEK OF SEP 15, 2014 (B)",Home Depot Home Center : Vignette,22.1,0,22.1,0,0,0,0,0,0,0,0
"WEEK OF SEP 15, 2014 (B)",Home Depot Inc : Legal Messages,67.4,0,0,0,0,0,61.3,6.1,0,0,0
"WEEK OF SEP 22, 2014 (B)",Home Depot Home Center & Kidde : Combo Vignette,4,0,0,0,4,0,0,0,0,0,0
"WEEK OF SEP 22, 2014 (B)",Home Depot Home Center : Home Center/Hardware Store,5152.8,2132.5,1896.6,78.1,38.2,0,0,3.7,956.1,47.5,0
"WEEK OF SEP 22, 2014 (B)",Home Depot Home Center : Vignette,22.8,0,22.5,0,0.3,0,0,0,0,0,0
"WEEK OF SEP 29, 2014 (B)",Home Depot Home Center & Kidde : Combo Vignette,16.1,0,0,0,16.1,0,0,0,0,0,0
"WEEK OF SEP 29, 2014 (B)",Home Depot Home Center : Home Center/Hardware Store,8859.2,3312.5,2935,91.2,19.6,1552.4,0,0,902.8,43.3,2.4
"WEEK OF SEP 29, 2014 (B)",Home Depot Home Center : Vignette,25.3,0,25.3,0,0,0,0,0,0,0,0
"WEEK OF OCT 06, 2014 (B)",Home Depot Home Center & Kidde : Combo Vignette,4.9,0,0,0,4.9,0,0,0,0,0,0
"WEEK OF OCT 06, 2014 (B)",Home Depot Home Center : Home Center/Hardware Store,4631.3,1749.3,1628.1,39.6,24.2,0,7.2,259.7,881.5,41.7,0
"WEEK OF OCT 06, 2014 (B)",Home Depot Home Center : Vignette,12.2,0,12.2,0,0,0,0,0,0,0,0
"WEEK OF OCT 13, 2014 (B)",Home Depot Home Center & Kidde : Combo Vignette,0.8,0,0,0,0.8,0,0,0,0,0,0
"WEEK OF OCT 13, 2014 (B)",Home Depot Home Center : Home Center/Hardware Store,4017.1,1848.5,1175.2,45.2,25,0,0,0,881.5,41.7,0
"WEEK OF OCT 13, 2014 (B)",Home Depot Home Center : Vignette,14,0,14,0,0,0,0,0,0,0,0
"WEEK OF OCT 13, 2014 (B)",Home Depot Inc : Recruitment,4.6,0,0,0,0,0,0,4.6,0,0,0
"WEEK OF OCT 20, 2014 (B)",Home Depot Home Center & Kidde : Combo Vignette,1.4,0,0,0,1.4,0,0,0,0,0,0
"WEEK OF OCT 20, 2014 (B)",Home Depot Home Center : Home Center/Hardware Store,3851.6,1244.6,1632.3,26.2,25.2,0,0,0.2,881.5,41.7,0
"WEEK OF OCT 20, 2014 (B)",Home Depot Home Center : Vignette,13.9,0,13.9,0,0,0,0,0,0,0,0
"WEEK OF OCT 27, 2014 (B)",Home Depot Do-It Herself : Workshop,65,0,0,0,0,65,0,0,0,0,0
"WEEK OF OCT 27, 2014 (B)",Home Depot Home Center & Kidde : Combo Vignette,0.3,0,0,0,0.3,0,0,0,0,0,0
"WEEK OF OCT 27, 2014 (B)",Home Depot Home Center : Home Center/Hardware Store,6659.8,2028.6,1290.7,25.1,25,2120.5,0,8.8,1095.8,61.8,3.5
"WEEK OF OCT 27, 2014 (B)",Home Depot Home Center : Vignette,14,0,14,0,0,0,0,0,0,0,0
"WEEK OF NOV 03, 2014 (B)",Home Depot Home Center & Kidde : Combo Vignette,1.6,0,0,0,1.6,0,0,0,0,0,0
"WEEK OF NOV 03, 2014 (B)",Home Depot Home Center : Home Center/Hardware Store,8083.3,3626.6,2365.1,58.6,18.2,0,0,271.2,1631.5,112,0
"WEEK OF NOV 03, 2014 (B)",Home Depot Home Center : Vignette,20.8,0,20.8,0,0,0,0,0,0,0,0
"WEEK OF NOV 10, 2014 (B)",Home Depot Home Center & Kidde : Combo Vignette,3.3,0,0,0,3.3,0,0,0,0,0,0
"WEEK OF NOV 10, 2014 (B)",Home Depot Home Center : Home Center/Hardware Store,9061.1,3183.3,3616.6,9.6,263.2,0,0,244.8,1631.5,112,0
"WEEK OF NOV 10, 2014 (B)",Home Depot Home Center : Vignette,40.3,0,40.3,0,0,0,0,0,0,0,0
"WEEK OF NOV 17, 2014 (B)",Home Depot Home Center & Kidde : Combo Vignette,2.4,0,0,0,2.4,0,0,0,0,0,0
"WEEK OF NOV 17, 2014 (B)",Home Depot Home Center : Home Center/Hardware Store,6944.1,2294.4,2365.9,11.2,274.3,0,0,254.9,1631.5,112,0
"WEEK OF NOV 17, 2014 (B)",Home Depot Home Center : Lawn & Garden Products DR,7,0,0,0,0,0,0,7,0,0,0
"WEEK OF NOV 17, 2014 (B)",Home Depot Home Center : Vignette,19.1,0,19.1,0,0,0,0,0,0,0,0
"WEEK OF NOV 24, 2014 (B)",Home Depot Home Center & Kidde : Combo Vignette,3.4,0,0,0,3.4,0,0,0,0,0,0
"WEEK OF NOV 24, 2014 (B)",Home Depot Home Center : Home & Building Products DR,0.8,0,0,0,0,0,0,0.8,0,0,0
"WEEK OF NOV 24, 2014 (B)",Home Depot Home Center : Home Center/Hardware Store,10779.7,6558,1776.5,11.2,74.1,0,0,616.4,1631.5,112,0
"WEEK OF NOV 24, 2014 (B)",Home Depot Home Center : Vignette,17.2,0,17.2,0,0,0,0,0,0,0,0
"WEEK OF DEC 01, 2014 (B)",Home Depot Home Center & Kidde : Combo Vignette,12,0,0,0,12,0,0,0,0,0,0
"WEEK OF DEC 01, 2014 (B)",Home Depot Home Center : Home Center/Hardware Store,6342.1,2088.6,1281.6,14,43.8,1948.5,0,0,957.8,4.3,3.5
"WEEK OF DEC 01, 2014 (B)",Home Depot Home Center : Online,113.7,78.4,35.3,0,0,0,0,0,0,0,0
"WEEK OF DEC 01, 2014 (B)",Home Depot Home Center : Vignette,14.8,0,14.8,0,0,0,0,0,0,0,0
"WEEK OF DEC 08, 2014 (B)",Home Depot Home Center & Kidde : Combo Vignette,0.4,0,0,0,0.4,0,0,0,0,0,0
"WEEK OF DEC 08, 2014 (B)",Home Depot Home Center : Home Center/Hardware Store,2760.3,794.2,939.3,16,48.8,0,0,0,957.8,4.3,0
"WEEK OF DEC 08, 2014 (B)",Home Depot Home Center : Vignette,12.7,0,12.7,0,0,0,0,0,0,0,0
"WEEK OF DEC 15, 2014 (B)",Home Depot Home Center : Home Center/Hardware Store,3349.8,1230.7,1104.7,14,38.5,0,0,0,957.8,4.3,0
"WEEK OF DEC 15, 2014 (B)",Home Depot Home Center : Vignette,14.4,0,14.4,0,0,0,0,0,0,0,0
"WEEK OF DEC 22, 2014 (B)",Home Depot Home Center : Home Center/Hardware Store,2659.2,460.2,971.7,14,2.9,0,0,248.4,957.8,4.3,0
"WEEK OF DEC 22, 2014 (B)",Home Depot Home Center : Lawn & Garden Products DR,7,0,0,0,0,0,0,7,0,0,0
"WEEK OF DEC 22, 2014 (B)",Home Depot Home Center : Vignette,11.5,0,11.5,0,0,0,0,0,0,0,0
"WEEK OF DEC 29, 2014 (B)",Home Depot Home Center : Home Center/Hardware Store,4593.5,1280.2,1943.4,11.7,0.8,444.6,0,0,871.1,41.6,0
"WEEK OF DEC 29, 2014 (B)",Home Depot Home Center : Vignette,20.9,0,20.9,0,0,0,0,0,0,0,0
"WEEK OF JAN 05, 2015 (B)",Home Depot Home Center & Kidde : Combo Vignette,0.5,0,0,0,0.5,0,0,0,0,0,0
"WEEK OF JAN 05, 2015 (B)",Home Depot Home Center : Home Center/Hardware Store,2264.5,27.4,1349.5,11.7,0.1,0,0,0,806.2,69.5,0
"WEEK OF JAN 05, 2015 (B)",Home Depot Home Center : Vignette,17.8,0,17.8,0,0,0,0,0,0,0,0
"WEEK OF JAN 12, 2015 (B)",Home Depot Home Center & Kidde : Combo Vignette,0.4,0,0,0,0.4,0,0,0,0,0,0
"WEEK OF JAN 12, 2015 (B)",Home Depot Home Center : Home Center/Hardware Store,5015.8,261.7,3621.6,11.7,6.8,0,0,238.3,806.2,69.5,0
"WEEK OF JAN 12, 2015 (B)",Home Depot Home Center : Vignette,15.3,0,15.3,0,0,0,0,0,0,0,0
"WEEK OF JAN 19, 2015 (B)",Home Depot Home Center : Home Center/Hardware Store,1632.7,0,720,11.7,25.3,0,0,0,806.2,69.5,0
"WEEK OF JAN 19, 2015 (B)",Home Depot Home Center : Vignette,10.5,0,10.5,0,0,0,0,0,0,0,0
"WEEK OF JAN 19, 2015 (B)",Home Depot Inc : Recruitment,0.8,0,0,0,0,0,0,0.8,0,0,0
"WEEK OF JAN 26, 2015 (B)",Home Depot Home Center : Home Center/Hardware Store,2508.2,0,860,123,0.3,643.6,0,0,803.7,59.7,17.8
"WEEK OF JAN 26, 2015 (B)",Home Depot Home Center : Vignette,14.8,0,14.8,0,0,0,0,0,0,0,0
"WEEK OF JAN 26, 2015 (B)",Home Depot Inc : Recruitment,0.8,0,0,0,0,0,0,0.8,0,0,0
"WEEK OF FEB 02, 2015 (B)",Home Depot Home Center & Kidde : Combo Vignette,0.5,0,0,0,0.5,0,0,0,0,0,0
"WEEK OF FEB 02, 2015 (B)",Home Depot Home Center : Home Center/Hardware Store,1642.7,0,804.4,36.1,12.3,0,0,0,788.9,0.9,0
"WEEK OF FEB 02, 2015 (B)",Home Depot Home Center : Vignette,8.9,0,8.9,0,0,0,0,0,0,0,0
"WEEK OF FEB 09, 2015 (B)",Home Depot Home Center & Kidde : Combo Vignette,0.4,0,0,0,0.4,0,0,0,0,0,0
"WEEK OF FEB 09, 2015 (B)",Home Depot Home Center : Home Center/Hardware Store,2251.7,0,1181.5,9.5,26.2,0,0,244.6,788.9,0.9,0
"WEEK OF FEB 09, 2015 (B)",Home Depot Home Center : Lawn & Garden Products DR,7,0,0,0,0,0,0,7,0,0,0
"WEEK OF FEB 09, 2015 (B)",Home Depot Home Center : Vignette,10.2,0,10.2,0,0,0,0,0,0,0,0
"WEEK OF FEB 16, 2015 (B)",Home Depot Home Center : Home Center/Hardware Store,1857.3,0,1020.7,11.4,27.4,0,0,7.9,788.9,0.9,0
"WEEK OF FEB 16, 2015 (B)",Home Depot Home Center : Vignette,7.6,0,7.6,0,0,0,0,0,0,0,0
"WEEK OF FEB 23, 2015 (B)",Home Depot Home Center : Home Center/Hardware Store,1323.7,0,0.5,15.2,0.5,499,0,0,752.7,55.1,0.7
"WEEK OF MAR 02, 2015 (B)",Home Depot Home Center : Home Center/Hardware Store,2358,0,1395.7,13.3,26.9,0,0,6.7,535.2,380.2,0
"WEEK OF MAR 02, 2015 (B)",Home Depot Home Center : Vignette,10.5,0,10.5,0,0,0,0,0,0,0,0
"WEEK OF MAR 09, 2015 (B)",Home Depot Home Center : Home Center/Hardware Store,2940.4,0,1924.6,11.4,28.1,0,0,60.9,535.2,380.2,0
"WEEK OF MAR 09, 2015 (B)",Home Depot Home Center : Vignette,10.3,0,10.3,0,0,0,0,0,0,0,0
"WEEK OF MAR 16, 2015 (B)",Home Depot Home Center : Home Center/Hardware Store,2679.6,0,1730.4,11.4,22.4,0,0,0,535.2,380.2,0
"WEEK OF MAR 16, 2015 (B)",Home Depot Home Center : Vignette,12.1,0,12.1,0,0,0,0,0,0,0,0
"WEEK OF MAR 16, 2015 (B)",Home Depot Inc : Recruitment,0.9,0,0,0,0,0,0,0.9,0,0,0
"WEEK OF MAR 23, 2015 (B)",Home Depot Home Center : Home Center/Hardware Store,3158.5,0,2213.6,11.4,18.1,0,0,0,535.2,380.2,0
"WEEK OF MAR 23, 2015 (B)",Home Depot Home Center : Vignette,20.6,0,20.6,0,0,0,0,0,0,0,0
"WEEK OF MAR 23, 2015 (B)",Home Depot Inc : Recruitment,0.9,0,0,0,0,0,0,0.9,0,0,0
"WEEK OF MAR 30, 2015 (B)",Home Depot Home Center : Home Center/Hardware Store,6232.6,1372.7,1220.9,11.4,53.6,1927.8,0,0,1012.3,614.6,19.4
"WEEK OF MAR 30, 2015 (B)",Home Depot Home Center : Vignette,12.9,0,12.9,0,0,0,0,0,0,0,0
"WEEK OF APR 06, 2015 (B)",Home Depot Home Center : Home Center/Hardware Store,5354,1745.8,1360,15.2,38.2,0,0,283.4,1203.1,708.4,0
"WEEK OF APR 06, 2015 (B)",Home Depot Home Center : Lawn & Garden Products DR,8,0,0,0,0,0,0,8,0,0,0
"WEEK OF APR 06, 2015 (B)",Home Depot Home Center : Vignette,82.5,0,82.5,0,0,0,0,0,0,0,0
"WEEK OF APR 13, 2015 (B)",Home Depot Home Center : Home Center/Hardware Store,5906.3,1787.6,2150,17.1,40.1,0,0,0,1203.1,708.4,0
"WEEK OF APR 13, 2015 (B)",Home Depot Home Center : Vignette,10.7,0,10.7,0,0,0,0,0,0,0,0
"WEEK OF APR 20, 2015 (B)",Home Depot Home Center : Home Center/Hardware Store,4919.6,0,2365.4,17.1,31,0,0,594.7,1203.1,708.4,0
"WEEK OF APR 20, 2015 (B)",Home Depot Home Center : Vignette,5.6,0,5.6,0,0,0,0,0,0,0,0
"WEEK OF APR 27, 2015 (B)",Home Depot Home Center : Home Center/Hardware Store,8724.8,904.7,3451.9,16.7,66.9,2200.6,0,96.8,1437.4,541.5,8.2
"WEEK OF APR 27, 2015 (B)",Home Depot Home Center : Recruitment,10.6,0,0,0,0,0,0,10.6,0,0,0
"WEEK OF APR 27, 2015 (B)",Home Depot Home Center : Vignette,15.5,0,15.5,0,0,0,0,0,0,0,0
"WEEK OF MAY 04, 2015 (B)",Home Depot Home Center : Home Center/Hardware Store,4217.1,0,1692.9,16.7,27.9,0,0,410.8,1749.8,319,0
"WEEK OF MAY 04, 2015 (B)",Home Depot Home Center : Vignette,5.2,0,5.2,0,0,0,0,0,0,0,0
"WEEK OF MAY 11, 2015 (B)",Home Depot Home Center : Home Center/Hardware Store,4323.2,0,1713.5,13,220.7,0,0,307.2,1749.8,319,0
"WEEK OF MAY 11, 2015 (B)",Home Depot Home Center : Vignette,10.2,0,10.2,0,0,0,0,0,0,0,0
"WEEK OF MAY 18, 2015 (B)",Home & Family Show/Home Depot : Sponsored Event,4.3,0,0,0,0,0,0,4.3,0,0,0
"WEEK OF MAY 18, 2015 (B)",Home Depot Home Center : Home Center/Hardware Store,8434,1859.5,3745.1,11.1,40.7,0,0,708.8,1749.8,319,0
"WEEK OF MAY 18, 2015 (B)",Home Depot Home Center : Lawn & Garden Products DR,8.2,0,0,0,0,0,0,8.2,0,0,0
"WEEK OF MAY 18, 2015 (B)",Home Depot Home Center : Vignette,22.2,0,22.2,0,0,0,0,0,0,0,0
"WEEK OF MAY 25, 2015 (B)",Home Depot Home Center : Home Center/Hardware Store,7132.2,1546.3,3455.4,11.1,50.7,0,0,0,1749.8,319,0
"WEEK OF MAY 25, 2015 (B)",Home Depot Home Center : Vignette,34,0,34,0,0,0,0,0,0,0,0
"WEEK OF JUN 01, 2015 (B)",Home Depot Home Center : Home Center/Hardware Store,5850.3,0,2467.4,11.1,40,1835.2,0,0,1485.9,4.9,5.9
"WEEK OF JUN 01, 2015 (B)",Home Depot Home Center : Vignette,16,0,16,0,0,0,0,0,0,0,0
"WEEK OF JUN 08, 2015 (B)",Home Depot Home Center : Home Center/Hardware Store,4210.6,899.4,1766.2,9.3,44.3,0,0,0.6,1485.9,4.9,0
"WEEK OF JUN 08, 2015 (B)",Home Depot Home Center : Recruitment,0.9,0,0,0,0,0,0,0.9,0,0,0
"WEEK OF JUN 08, 2015 (B)",Home Depot Home Center : Vignette,11.6,0,11.6,0,0,0,0,0,0,0,0
"WEEK OF JUN 15, 2015 (B)",Home Depot & Sacramento Municipal Utility District : Combo,24.5,0,0,0,0,0,0,24.5,0,0,0
"WEEK OF JUN 15, 2015 (B)",Home Depot Home Center : Home Center/Hardware Store,4899.2,916.7,1952.6,14.8,55.6,0,0,468.7,1485.9,4.9,0
"WEEK OF JUN 15, 2015 (B)",Home Depot Home Center : Vignette,12.8,0,12.8,0,0,0,0,0,0,0,0
"WEEK OF JUN 15, 2015 (B)",Home Depot Inc : Corporate Promotion,162.2,0,0,0,0,162.2,0,0,0,0,0
"WEEK OF JUN 15, 2015 (B)",Home Depot Inc : Recruitment,0.8,0,0,0,0,0,0,0.8,0,0,0
"WEEK OF JUN 22, 2015 (B)",Home Depot Home Center : Home Center/Hardware Store,6031.7,1662.4,2636.1,14.8,55.9,0,0,171.7,1485.9,4.9,0
"WEEK OF JUN 22, 2015 (B)",Home Depot Home Center : Lawn & Garden Products DR,4.1,0,0,0,0,0,0,4.1,0,0,0
"WEEK OF JUN 22, 2015 (B)",Home Depot Home Center : Vignette,11,0,10.9,0,0,0,0,0,0,0,0
"WEEK OF JUN 29, 2015 (B)",Home Depot Home Center : Home Center/Hardware Store,7293.2,1578.3,2229.6,14.4,68.5,1661.5,0,518.5,1197.3,9.5,15.6
"WEEK OF JUN 29, 2015 (B)",Home Depot Home Center : Lawn & Garden Products DR,4.1,0,0,0,0,0,0,4.1,0,0,0
"WEEK OF JUN 29, 2015 (B)",Home Depot Home Center : Vignette,15.2,0,15.2,0,0,0,0,0,0,0,0
"WEEK OF JUN 29, 2015 (B)",Home Depot Project Color : Mobile App,295.8,0,0,0,0,295.8,0,0,0,0,0
"WEEK OF JUL 06, 2015 (B)",Home Depot Home Center : Home Center/Hardware Store,2896,45,1491.7,10.8,33.5,0,16,206,1081.8,11.3,0
"WEEK OF JUL 06, 2015 (B)",Home Depot Home Center : Vignette,6.6,0,6.6,0,0,0,0,0,0,0,0
"WEEK OF JUL 13, 2015 (B)",Home Depot Home Center : Home Center/Hardware Store,2990.7,0,1814.2,14.4,67.4,0,0,1.6,1081.8,11.3,0
"WEEK OF JUL 13, 2015 (B)",Home Depot Home Center : Vignette,0.5,0,0.5,0,0,0,0,0,0,0,0
"WEEK OF JUL 20, 2015 (B)",Home Depot Home Center : Home Center/Hardware Store,2728.3,0,1571.4,14.4,39.2,0,0,10.1,1081.8,11.3,0
"WEEK OF JUL 20, 2015 (B)",Home Depot Home Center : Vignette,6.7,0,6.7,0,0,0,0,0,0,0,0
"WEEK OF JUL 20, 2015 (B)",Home Depot Inc : Recruitment,0.8,0,0,0,0,0,0,0.8,0,0,0
"WEEK OF JUL 27, 2015 (B)",Home Depot Home Center : Home Center/Hardware Store,4771.5,218.2,2280.3,10.8,65.1,1159.2,0,0.6,993,17.9,26.4
"WEEK OF JUL 27, 2015 (B)",Home Depot Home Center : Vignette,0.9,0,0.9,0,0,0,0,0,0,0,0
"WEEK OF JUL 27, 2015 (B)",Home Depot Inc : Recruitment,0.8,0,0,0,0,0,0,0.8,0,0,0
"WEEK OF JUL 27, 2015 (B)",Home Depot Project Color : Mobile App,923.4,0,0,0,0,923.4,0,0,0,0,0
"WEEK OF AUG 03, 2015 (B)",Home Depot Home Center : Home Center/Hardware Store,2787.5,36.1,1917.1,10.8,8.9,0,0,9.1,771.1,34.4,0
"WEEK OF AUG 03, 2015 (B)",Home Depot Home Center : Vignette,7,0,7,0,0,0,0,0,0,0,0
"WEEK OF AUG 10, 2015 (B)",Home Depot Home Center : Home Center/Hardware Store,1871.4,144.3,883.2,14.4,23.3,0,0,0.6,771.1,34.4,0
"WEEK OF AUG 10, 2015 (B)",Stephen Siller Tunnel To Towers 5k Run & Walk/Home Depot : Sponsored Event,2,0,0,0,2,0,0,0,0,0,0
"WEEK OF AUG 17, 2015 (B)",Home Depot Home Center : Home Center/Hardware Store,1035.2,0,161.8,14.4,34,0,0,19.4,771.1,34.4,0
"WEEK OF AUG 17, 2015 (B)",Stephen Siller Tunnel To Towers 5k Run & Walk/Home Depot : Sponsored Event,2.1,0,0,0,2.1,0,0,0,0,0,0
"WEEK OF AUG 24, 2015 (B)",Home Depot Home Center : Home Center/Hardware Store,3274,103.4,2271.7,10.8,63.1,0,0,19.4,771.1,34.4,0
"WEEK OF AUG 24, 2015 (B)",Home Depot Home Center : Vignette,8.2,0,8.2,0,0,0,0,0,0,0,0
"WEEK OF AUG 24, 2015 (B)",Stephen Siller Tunnel To Towers 5k Run & Walk/Home Depot : Sponsored Event,1.9,0,0,0,1.9,0,0,0,0,0,0
"WEEK OF AUG 31, 2015 (B)",Fiestas Patrias/Home Depot : Sponsored Event,4.5,0,0,0,4.5,0,0,0,0,0,0
"WEEK OF AUG 31, 2015 (B)",Home Depot : Mobile App,8.9,0,8.7,0,0.2,0,0,0,0,0,0
"WEEK OF AUG 31, 2015 (B)",Home Depot Color Center : Mobile App,286.5,0,0,0,0,286.5,0,0,0,0,0
"WEEK OF AUG 31, 2015 (B)",Home Depot Home Center : Home Center/Hardware Store,8229.7,515,4208.1,7.2,71,1880.8,31.9,754.2,716.4,17.8,27.3
"WEEK OF AUG 31, 2015 (B)",Home Depot Home Center : Lawn & Garden Products DR,8.2,0,0,0,0,0,0,8.2,0,0,0
"WEEK OF AUG 31, 2015 (B)",Home Depot Home Center : Vignette,9.8,0,9.8,0,0,0,0,0,0,0,0
"WEEK OF AUG 31, 2015 (B)",Home Depot Project Color : Mobile App,1236.5,0,0,0,0,1236.5,0,0,0,0,0
"WEEK OF AUG 31, 2015 (B)",Stephen Siller Tunnel To Towers 5k Run & Walk/Home Depot : Sponsored Event,2.5,0,0,0,2.5,0,0,0,0,0,0
"WEEK OF SEP 07, 2015 (B)",Fiestas Patrias/Home Depot : Sponsored Event,4.9,0,0,0,4.9,0,0,0,0,0,0
"WEEK OF SEP 07, 2015 (B)",Home Depot : Mobile App,18.4,0,18.4,0,0,0,0,0,0,0,0
"WEEK OF SEP 07, 2015 (B)",Home Depot Home Center : Home Center/Hardware Store,3806.6,1786.9,1256.8,10.8,29.9,0,0,0,707.3,15,0
"WEEK OF SEP 07, 2015 (B)",Home Depot Home Center : Vignette,4.5,0,4.5,0,0,0,0,0,0,0,0
"WEEK OF SEP 07, 2015 (B)",Stephen Siller Tunnel To Towers 5k Run & Walk/Home Depot : Sponsored Event,1.1,0,0,0,1.1,0,0,0,0,0,0
"WEEK OF SEP 14, 2015 (B)",Home Depot Home Center : Home Center/Hardware Store,2573.7,1316.2,496.3,10.8,28.1,0,0,0,707.3,15,0
"WEEK OF SEP 14, 2015 (B)",Home Depot Home Center : Vignette,1.6,0,1.6,0,0,0,0,0,0,0,0
"WEEK OF SEP 21, 2015 (B)",Home Depot Home Center & Kidde : Combo Vignette,0.4,0,0,0,0.4,0,0,0,0,0,0
"WEEK OF SEP 21, 2015 (B)",Home Depot Home Center : Home Center/Hardware Store,4015.2,1836,1425.3,10.8,20.9,0,0,0,707.3,15,0
"WEEK OF SEP 21, 2015 (B)",Home Depot Home Center : Vignette,9.9,0,9.9,0,0,0,0,0,0,0,0
"WEEK OF SEP 28, 2015 (B)",Home Depot Home Center & Kidde : Combo Vignette,10.1,0,0,0,10.1,0,0,0,0,0,0
"WEEK OF SEP 28, 2015 (B)",Home Depot Home Center : Home Center/Hardware Store,6551,1815.9,2595,10.8,43.6,1132.4,0,0,818.2,35.7,99.4
"WEEK OF SEP 28, 2015 (B)",Home Depot Home Center : Vignette,13.3,0,13.3,0,0,0,0,0,0,0,0
"WEEK OF SEP 28, 2015 (B)",Home Depot Project Color : Mobile App,1055.9,0,0,0,0,1055.9,0,0,0,0,0
"WEEK OF OCT 05, 2015 (B)",Home Depot Home Center & Kidde : Combo Vignette,4,0,0,0,4,0,0,0,0,0,0
"WEEK OF OCT 05, 2015 (B)",Home Depot Home Center : Home Center/Hardware Store,5161,2266.5,1598.3,10.8,101.5,0,0,231.2,901.5,51.2,0
"WEEK OF OCT 05, 2015 (B)",Home Depot Home Center : Lawn & Garden Products DR,6.1,0,0,0,0,0,0,6.1,0,0,0
"WEEK OF OCT 05, 2015 (B)",Home Depot Home Center : Vignette,7.6,0,7.6,0,0,0,0,0,0,0,0
"WEEK OF OCT 12, 2015 (B)",Home Depot Home Center & Kidde : Combo Vignette,3.3,0,0,0,3.3,0,0,0,0,0,0
"WEEK OF OCT 12, 2015 (B)",Home Depot Home Center : Home Center/Hardware Store,2777.7,858.7,892,10.8,63.3,0,0,0.3,901.5,51.2,0
"WEEK OF OCT 12, 2015 (B)",Home Depot Home Center : Vignette,3.1,0,3.1,0,0,0,0,0,0,0,0
"WEEK OF OCT 19, 2015 (B)",Home Depot Home Center & Kidde : Combo Vignette,2.5,0,0,0,2.5,0,0,0,0,0,0
"WEEK OF OCT 19, 2015 (B)",Home Depot Home Center : Home Center/Hardware Store,4015.9,1290.7,1746.1,14.4,8.9,0,0,3.3,901.5,51.2,0
"WEEK OF OCT 19, 2015 (B)",Home Depot Home Center : Vignette,3.6,0,3.6,0,0,0,0,0,0,0,0
"WEEK OF OCT 26, 2015 (B)",Home Depot Home Center : Home Center/Hardware Store,6264.1,1604.6,1805.6,10.8,13.6,1728.9,0,0,973.3,59.7,67.6
"WEEK OF OCT 26, 2015 (B)",Home Depot Home Center : Online,78,0,0,0,0,78,0,0,0,0,0
"WEEK OF OCT 26, 2015 (B)",Home Depot Home Center : Vignette,4.6,0,4.6,0,0,0,0,0,0,0,0
"WEEK OF OCT 26, 2015 (B)",Home Depot Project Color : Mobile App,315.3,0,0,0,0,315.3,0,0,0,0,0
"WEEK OF NOV 02, 2015 (B)",Home Depot Home Center & Kidde : Combo Vignette,4.1,0,0,0,4.1,0,0,0,0,0,0
"WEEK OF NOV 02, 2015 (B)",Home Depot Home Center : Home Center/Hardware Store,7257.6,2722.3,2783.5,22.2,25.4,0,0,189.1,1404.2,110.8,0
"WEEK OF NOV 02, 2015 (B)",Home Depot Home Center : Vignette,22,0,22,0,0,0,0,0,0,0,0
"WEEK OF NOV 09, 2015 (B)",Home Depot Home Center & Kidde : Combo Vignette,3.6,0,0,0,3.6,0,0,0,0,0,0
"WEEK OF NOV 09, 2015 (B)",Home Depot Home Center : Home Center/Hardware Store,8049.8,2917,3290.5,14.4,101.5,0,0,211.4,1404.2,110.8,0
"WEEK OF NOV 09, 2015 (B)",Home Depot Home Center : Lawn & Garden Products DR,4.1,0,0,0,0,0,0,4.1,0,0,0
"WEEK OF NOV 09, 2015 (B)",Home Depot Home Center : Vignette,11.5,0,11.5,0,0,0,0,0,0,0,0
"WEEK OF NOV 16, 2015 (B)",Home Depot Home Center & Kidde : Combo Vignette,3.5,0,0,0,3.5,0,0,0,0,0,0
"WEEK OF NOV 16, 2015 (B)",Home Depot Home Center : Home Center/Hardware Store,6134.3,2301.9,2053.2,10.8,73.3,0,16,164.2,1404.2,110.8,0
"WEEK OF NOV 16, 2015 (B)",Home Depot Home Center : Lawn & Garden Products DR,4.1,0,0,0,0,0,0,4.1,0,0,0
"WEEK OF NOV 16, 2015 (B)",Home Depot Home Center : Vignette,8.3,0,8.3,0,0,0,0,0,0,0,0
"WEEK OF NOV 23, 2015 (B)",Home Depot Home Center & Kidde : Combo Vignette,3.2,0,0,0,3.2,0,0,0,0,0,0
"WEEK OF NOV 23, 2015 (B)",Home Depot Home Center : Home Center/Hardware Store,8071.6,3937.2,1840.7,10.8,83.8,0,16,668.1,1404.2,110.8,0
"WEEK OF NOV 23, 2015 (B)",Home Depot Home Center : Lawn & Garden Products DR,4.1,0,0,0,0,0,0,4.1,0,0,0
"WEEK OF NOV 23, 2015 (B)",Home Depot Home Center : Vignette,10.9,0,10.9,0,0,0,0,0,0,0,0
"WEEK OF NOV 23, 2015 (B)",South Hollands Winter Wonderland/Home Depot : Sponsored Event,0.2,0,0,0,0,0,0,0.2,0,0,0
"WEEK OF NOV 30, 2015 (B)",Home Depot Home Center : Home Center/Hardware Store,7331.9,3426.6,1721.9,10.5,78.1,1201.3,0,0,864.5,16.6,12.4
"WEEK OF NOV 30, 2015 (B)",Home Depot Home Center : Online,54.6,0,0,0,0,54.6,0,0,0,0,0
"WEEK OF NOV 30, 2015 (B)",Home Depot Home Center : Vignette,19.4,0,16.4,0,3,0,0,0,0,0,0
"WEEK OF NOV 30, 2015 (B)",Home Depot Inc : Corporate Promotion,114.3,0,0,0,0,114.3,0,0,0,0,0
"WEEK OF NOV 30, 2015 (B)",Home Depot Project Color : Mobile App,121.2,0,0,0,0,121.2,0,0,0,0,0
"WEEK OF NOV 30, 2015 (B)",South Hollands Winter Wonderland/Home Depot : Sponsored Event,0.2,0,0,0,0,0,0,0.2,0,0,0
"WEEK OF DEC 07, 2015 (B)",Home Depot Home Center : Home Center/Hardware Store,3293.5,1383.8,1050.9,10.5,72.8,0,0,0,774.5,0.9,0
"WEEK OF DEC 07, 2015 (B)",Home Depot Home Center : Vignette,6.9,0,1.4,0,5.5,0,0,0,0,0,0
"WEEK OF DEC 14, 2015 (B)",Home Depot Home Center : Home Center/Hardware Store,3082.1,730.7,1478.7,10.5,86.8,0,0,0,774.5,0.9,0
"WEEK OF DEC 14, 2015 (B)",Home Depot Home Center : Vignette,11,0,6,0,5,0,0,0,0,0,0
"WEEK OF DEC 21, 2015 (B)",Home Depot Home Center : Home Center/Hardware Store,3773.5,1877.2,863.8,10.5,4.9,0,0,241.7,774.5,0.9,0
"WEEK OF DEC 21, 2015 (B)",Home Depot Home Center : Lawn & Garden Products DR,6.1,0,0,0,0,0,0,6.1,0,0,0
"WEEK OF DEC 28, 2015 (B)",Home Depot Home Center : Home Center/Hardware Store,3664.9,995.4,1202.4,10.5,4.8,712.5,0,3.8,688.7,16.6,30.2
"WEEK OF DEC 28, 2015 (B)",Home Depot Home Center : Vignette,6.7,0,6.7,0,0,0,0,0,0,0,0
"WEEK OF JAN 04, 2016 (B)",Home Depot Home Center & Kidde : Combo Vignette,9,0,0,0,9,0,0,0,0,0,0
"WEEK OF JAN 04, 2016 (B)",Home Depot Home Center : Home Center/Hardware Store,2749.3,1019.8,1107,10.5,0.2,0,0,0,574.3,37.5,0
"WEEK OF JAN 04, 2016 (B)",Home Depot Home Center : Vignette,5.4,0,5.4,0,0,0,0,0,0,0,0
"WEEK OF JAN 11, 2016 (B)",Home Depot Home Center & Kidde : Combo Vignette,10.2,0,0,0,10.2,0,0,0,0,0,0
"WEEK OF JAN 11, 2016 (B)",Home Depot Home Center : Home Center/Hardware Store,2461,0,1601.7,10.5,5.6,0,0,231.4,574.3,37.5,0
"WEEK OF JAN 11, 2016 (B)",Home Depot Home Center : Vignette,1.6,0,1.6,0,0,0,0,0,0,0,0
"WEEK OF JAN 18, 2016 (B)",Home Depot Home Center & Kidde : Combo Vignette,13,0,0,0,13,0,0,0,0,0,0
"WEEK OF JAN 18, 2016 (B)",Home Depot Home Center : Home Center/Hardware Store,1457.4,0,813.9,10.5,21.3,0,0,0,574.3,37.5,0
"WEEK OF JAN 18, 2016 (B)",Home Depot Home Center : Vignette,3.7,0,3.7,0,0,0,0,0,0,0,0
"WEEK OF JAN 25, 2016 (B)",Home Depot Home Center & Kidde : Combo Vignette,6.6,0,0,0,6.6,0,0,0,0,0,0
"WEEK OF JAN 25, 2016 (B)",Home Depot Home Center : Home Center/Hardware Store,1097.5,0,448.3,10.5,27,0,0,0,574.3,37.5,0
"WEEK OF JAN 25, 2016 (B)",Home Depot Home Center : Vignette,4.3,0,4.3,0,0,0,0,0,0,0,0
"WEEK OF FEB 01, 2016 (B)",Home Depot Home Center & Kidde : Combo Vignette,6.5,0,0,0,6.5,0,0,0,0,0,0
"WEEK OF FEB 01, 2016 (B)",Home Depot Home Center : Home Center/Hardware Store,1890.8,0,872,10.5,0,412.8,0,55.4,417.8,85.1,37.3
"WEEK OF FEB 08, 2016 (B)",Home Depot : Mobile App,7.2,0,7.2,0,0,0,0,0,0,0,0
"WEEK OF FEB 08, 2016 (B)",Home Depot Home Center & Kidde : Combo Vignette,5.2,0,0,0,5.2,0,0,0,0,0,0
"WEEK OF FEB 08, 2016 (B)",Home Depot Home Center : Home Center/Hardware Store,1839.8,0,1088.7,10.5,23,0,0,214.8,417.8,85.1,0
"WEEK OF FEB 08, 2016 (B)",Home Depot Home Center : Lawn & Garden Products DR,6.1,0,0,0,0,0,0,6.1,0,0,0
"WEEK OF FEB 08, 2016 (B)",Home Depot Home Center : Vignette,13.1,0,13.1,0,0,0,0,0,0,0,0
"WEEK OF FEB 15, 2016 (B)",Home Depot : Mobile App,61.2,0,61.2,0,0,0,0,0,0,0,0
"WEEK OF FEB 15, 2016 (B)",Home Depot Home Center & Kidde : Combo Vignette,2.9,0,0,0,2.9,0,0,0,0,0,0
"WEEK OF FEB 15, 2016 (B)",Home Depot Home Center : Home Center/Hardware Store,1192.2,0,658.2,10.5,20.6,0,0,0,417.8,85.1,0
"WEEK OF FEB 15, 2016 (B)",Home Depot Home Center : Vignette,4.4,0,4.4,0,0,0,0,0,0,0,0
"WEEK OF FEB 22, 2016 (B)",Home Depot Home Center & Kidde : Combo Vignette,4.6,0,0,0,4.6,0,0,0,0,0,0
"WEEK OF FEB 22, 2016 (B)",Home Depot Home Center : Home Center/Hardware Store,514.2,0,0.8,10.5,0,0,0,0,417.8,85.1,0
"WEEK OF FEB 22, 2016 (B)",Home Show/Home Depot : Sponsored Event,1.3,0,0,0,0,0,0,1.3,0,0,0
"WEEK OF FEB 29, 2016 (B)",Home Depot Home Center & Kidde : Combo Vignette,2,0,0,0,2,0,0,0,0,0,0
"WEEK OF FEB 29, 2016 (B)",Home Depot Home Center : Home Center/Hardware Store,1642.9,0,380,12.6,16.2,520.1,0,0,402.7,277.9,33.4
"WEEK OF FEB 29, 2016 (B)",Home Depot Home Center : Vignette,2.3,0,2.3,0,0,0,0,0,0,0,0
"WEEK OF MAR 07, 2016 (B)",Home Depot Home Center & Kidde : Combo Vignette,0.8,0,0,0,0.8,0,0,0,0,0,0
"WEEK OF MAR 07, 2016 (B)",Home Depot Home Center : Home Center/Hardware Store,1415.6,0,389.6,8.4,296.4,0,0,11.1,400.2,310,0
"WEEK OF MAR 07, 2016 (B)",Home Depot Home Center : Vignette,4.4,0,4.4,0,0,0,0,0,0,0,0
"WEEK OF MAR 14, 2016 (B)",Home Depot Home Center : Home Center/Hardware Store,1635.9,0,552.7,12.6,308,0,0,52.4,400.2,310,0
"WEEK OF MAR 14, 2016 (B)",Home Depot Home Center : Recruitment,0.3,0,0,0,0,0,0,0.3,0,0,0
"WEEK OF MAR 14, 2016 (B)",Home Depot Home Center : Vignette,3.5,0,3.5,0,0,0,0,0,0,0,0
"WEEK OF MAR 14, 2016 (B)",Home Depot Inc : Recruitment,3.8,0,0,0,0,0,0,3.8,0,0,0
"WEEK OF MAR 21, 2016 (B)",Home Depot Home Center : Home Center/Hardware Store,1008.6,0,0.3,12.6,285.6,0,0,0,400.2,310,0
"WEEK OF MAR 28, 2016 (B)",Home Depot Home Center & Kidde : Combo Vignette,0,0,0,0,0,0,0,0,0,0,0
"WEEK OF MAR 28, 2016 (B)",Home Depot Home Center : Home Center/Hardware Store,3518.8,522.4,1582,20.8,40,55.6,0,10.9,859.8,402.3,24.9
"WEEK OF MAR 28, 2016 (B)",Home Depot Home Center : Vignette,7.2,0,7.2,0,0,0,0,0,0,0,0
"WEEK OF APR 04, 2016 (B)",Home Depot Home Center : Home Center/Hardware Store,5995.2,2238.4,1346.9,20.8,86.6,0,0,304.4,1472.7,525.4,0
"WEEK OF APR 04, 2016 (B)",Home Depot Home Center : Vignette,5.7,0,5.7,0,0,0,0,0,0,0,0
"WEEK OF APR 11, 2016 (B)",Home Depot Home Center : Home Center/Hardware Store,7042.9,2882,1989,20.8,138.9,0,0,14,1472.7,525.4,0
"WEEK OF APR 11, 2016 (B)",Home Depot Home Center : Vignette,14.2,0,14.2,0,0,0,0,0,0,0,0
"WEEK OF APR 18, 2016 (B)",Home Depot Home Center : Home Center/Hardware Store,4458.7,0,1838.4,20.8,109.7,0,0,491.7,1472.7,525.4,0
"WEEK OF APR 18, 2016 (B)",Home Depot Home Center : Vignette,11.5,0,11.5,0,0,0,0,0,0,0,0
"WEEK OF APR 25, 2016 (B)",Home Depot Home Center : Home Center/Hardware Store,6586.7,0,2597.1,21.4,166.4,1722.1,0,82,1492.4,502.6,2.7
"WEEK OF APR 25, 2016 (B)",Home Depot Home Center : Vignette,9.8,0,9.8,0,0,0,0,0,0,0,0
"WEEK OF MAY 02, 2016 (B)",Home Depot Home Center : Home Center/Hardware Store,3948.5,0,1432.8,21.3,154.1,0,0,364.5,1610.3,365.6,0
"WEEK OF MAY 02, 2016 (B)",Home Depot Home Center : Vignette,4.1,0,4.1,0,0,0,0,0,0,0,0
"WEEK OF MAY 09, 2016 (B)",Home Depot Home Center : Home Center/Hardware Store,3397.6,0,1272.6,21.3,127.8,0,0,0,1610.3,365.6,0
"WEEK OF MAY 09, 2016 (B)",Home Depot Home Center : Vignette,7.6,0,7.6,0,0,0,0,0,0,0,0
"WEEK OF MAY 09, 2016 (B)",Home Depot Inc : Legal Messages,115.1,0,0,0,0,115.1,0,0,0,0,0
"WEEK OF MAY 16, 2016 (B)",Home Depot Home Center : Home & Building Products DR,0.8,0,0.8,0,0,0,0,0,0,0,0
"WEEK OF MAY 16, 2016 (B)",Home Depot Home Center : Home Center/Hardware Store,7875.5,1563.3,3846.2,21.3,171.1,0,0,297.7,1610.3,365.6,0
"WEEK OF MAY 16, 2016 (B)",Home Depot Home Center : Vignette,24.4,0,24.4,0,0,0,0,0,0,0,0
"WEEK OF MAY 23, 2016 (B)",Home Depot Home Center : Home Center/Hardware Store,6594.8,1287.8,2941.9,21.3,57.9,0,0,310.1,1610.3,365.6,0
"WEEK OF MAY 23, 2016 (B)",Home Depot Home Center : Vignette,18.1,0,18.1,0,0,0,0,0,0,0,0
"WEEK OF MAY 30, 2016 (B)",Home Depot Home Center : Home Center/Hardware Store,6634.8,0,2167.5,21.5,134.9,2627.1,0,0,1576.3,105.1,2.4
"WEEK OF MAY 30, 2016 (B)",Home Depot Home Center : Vignette,18.7,0,18.7,0,0,0,0,0,0,0,0
"WEEK OF JUN 06, 2016 (B)",Home Depot Home Center : Home Center/Hardware Store,4228.8,780.7,1270.5,21.5,136.9,0,0,455.5,1562.7,0.9,0
"WEEK OF JUN 06, 2016 (B)",Home Depot Home Center : Vignette,9.1,0,9.1,0,0,0,0,0,0,0,0
"WEEK OF JUN 13, 2016 (B)",Home Depot Home Center : Home Center/Hardware Store,4210.9,789.3,1669.4,21.5,164.4,0,0,2.7,1562.7,0.9,0
"WEEK OF JUN 13, 2016 (B)",Home Depot Home Center : Vignette,10.1,0,10.1,0,0,0,0,0,0,0,0
"WEEK OF JUN 20, 2016 (B)",Home Depot Home Center : Home Center/Hardware Store,6132.8,1804.3,2430,21.5,144,0,0,169.4,1562.7,0.9,0
"WEEK OF JUN 20, 2016 (B)",Home Depot Home Center : Vignette,10.3,0,10.3,0,0,0,0,0,0,0,0
"WEEK OF JUN 27, 2016 (B)",Home Depot Home Center : Home Center/Hardware Store,9107.5,1867.2,2899.4,21.1,104.8,2232,0,465.1,1481.3,34.1,2.4
"WEEK OF JUN 27, 2016 (B)",Home Depot Home Center : Vignette,19.5,0,19.5,0,0,0,0,0,0,0,0
"WEEK OF JUL 04, 2016 (B)",Home Depot Home Center : Home Center/Hardware Store,4397.1,352.9,2373.7,21.1,198.3,0,0,0,1372.8,78.3,0
"WEEK OF JUL 04, 2016 (B)",Home Depot Home Center : Vignette,27.1,0,27.1,0,0,0,0,0,0,0,0
"WEEK OF JUL 11, 2016 (B)",Home Depot Home Center : Home & Building Products DR,133.6,0,133.6,0,0,0,0,0,0,0,0
"WEEK OF JUL 11, 2016 (B)",Home Depot Home Center : Home Center/Hardware Store,3372.1,0,1793.1,21.1,106.8,0,0,0,1372.8,78.3,0
"WEEK OF JUL 11, 2016 (B)",Home Depot Home Center : Vignette,11.4,0,11.4,0,0,0,0,0,0,0,0
"WEEK OF JUL 18, 2016 (B)",Home Depot Home Center : Home & Building Products DR,138,0,138,0,0,0,0,0,0,0,0
"WEEK OF JUL 18, 2016 (B)",Home Depot Home Center : Home Center/Hardware Store,2600.3,0,1030.6,21.1,94.8,0,0,2.7,1372.8,78.3,0
"WEEK OF JUL 18, 2016 (B)",Home Depot Home Center : Vignette,4.2,0,4.2,0,0,0,0,0,0,0,0
"WEEK OF JUL 25, 2016 (B)",Home Depot Home Center : Home Center/Hardware Store,3237,0,1665.5,21.1,99.2,0,0,0,1372.8,78.3,0
"WEEK OF JUL 25, 2016 (B)",Home Depot Home Center : Vignette,16.6,0,16.6,0,0,0,0,0,0,0,0
"WEEK OF AUG 01, 2016 (B)",Home Depot Home Center & Kidde : Combo Vignette,0,0,0,0,0,0,0,0,0,0,0
"WEEK OF AUG 01, 2016 (B)",Home Depot Home Center : Home Center/Hardware Store,3994.3,0,1659.2,20.7,0.6,1703.6,0,0,603.7,0.9,5.6
"WEEK OF AUG 01, 2016 (B)",Home Depot Home Center : Vignette,17.8,0,17.8,0,0,0,0,0,0,0,0
"WEEK OF AUG 08, 2016 (B)",Home Depot Home Center : Home Center/Hardware Store,663.7,0,32.4,20.7,6,0,0,0,603.7,0.9,0
"WEEK OF AUG 15, 2016 (B)",Home & Garden Show/Home Depot : Sponsored Event,19,0,0,0,19,0,0,0,0,0,0
"WEEK OF AUG 15, 2016 (B)",Home Depot Home Center : Home Center/Hardware Store,661.8,0,31.5,20.7,4.9,0,0,0,603.7,0.9,0
"WEEK OF AUG 22, 2016 (B)",Home Depot Home Center : Home & Building Products DR,7.7,0,7.7,0,0,0,0,0,0,0,0
"WEEK OF AUG 22, 2016 (B)",Home Depot Home Center : Home Center/Hardware Store,2487.9,66,1746.7,20.7,49.9,0,0,0,603.7,0.9,0
"WEEK OF AUG 22, 2016 (B)",Home Depot Home Center : Vignette,17.1,0,17.1,0,0,0,0,0,0,0,0
"WEEK OF AUG 29, 2016 (B)",Home Depot Home Center : Home Center/Hardware Store,4857.4,536.4,1881.8,22.7,42.6,1300.9,0,383.9,677.6,1.5,10
"WEEK OF AUG 29, 2016 (B)",Home Depot Home Center : Vignette,24.6,0,24.6,0,0,0,0,0,0,0,0
"WEEK OF SEP 05, 2016 (B)",Home Depot Home Center & Kidde : Combo Vignette,0,0,0,0,0,0,0,0,0,0,0
"WEEK OF SEP 05, 2016 (B)",Home Depot Home Center : Home Center/Hardware Store,3424.4,1689.9,965.9,22.7,11,0,0,0,733,1.9,0
"WEEK OF SEP 05, 2016 (B)",Home Depot Home Center : Vignette,6.5,0,6.5,0,0,0,0,0,0,0,0
"WEEK OF SEP 12, 2016 (B)",Home Depot Home Center & Kidde : Combo Vignette,1.6,0,0,0,1.6,0,0,0,0,0,0
"WEEK OF SEP 12, 2016 (B)",Home Depot Home Center : Home Center/Hardware Store,3964.9,2465.5,738.5,22.7,3.3,0,0,0,733,1.9,0
"WEEK OF SEP 19, 2016 (B)",Home Depot Home Center & Kidde : Combo Vignette,2.5,0,0,0,2.5,0,0,0,0,0,0
"WEEK OF SEP 19, 2016 (B)",Home Depot Home Center : Home Center/Hardware Store,3797.6,1722.9,1308.3,22.7,2,0,0,6.8,733,1.9,0
"WEEK OF SEP 19, 2016 (B)",Home Depot Inc : Recruitment,0.4,0,0,0,0,0,0,0.4,0,0,0
"WEEK OF SEP 26, 2016 (B)",Home Depot Home Center & Kidde : Combo Vignette,2.7,0,0,0,2.7,0,0,0,0,0,0
"WEEK OF SEP 26, 2016 (B)",Home Depot Home Center : Home Center/Hardware Store,7431.7,2024.3,1939.1,15.2,24.1,2601.8,0,11.4,805.9,2.9,7
"WEEK OF SEP 26, 2016 (B)",Home Depot Home Center : Recruitment,0.4,0,0,0,0,0,0,0.4,0,0,0
"WEEK OF SEP 26, 2016 (B)",Home Depot Home Center : Vignette,1.1,0,1.1,0,0,0,0,0,0,0,0
"WEEK OF OCT 03, 2016 (B)",Home Depot Home Center : Home Center/Hardware Store,4841.5,2336,1326.3,15.2,29.3,0,0,141.3,988.1,5.3,0
"WEEK OF OCT 03, 2016 (B)",Home Depot Home Center : Vignette,1.2,0,1.2,0,0,0,0,0,0,0,0
"WEEK OF OCT 10, 2016 (B)",Home Depot Home Center : Home Center/Hardware Store,3571.3,1608.1,928,15.2,26.7,0,0,0,988.1,5.3,0
"WEEK OF OCT 17, 2016 (B)",Home Depot Home Center : Home Center/Hardware Store,3741.8,1903.5,811.4,15.2,18.4,0,0,0,988.1,5.3,0
"WEEK OF OCT 17, 2016 (B)",Home Depot Home Center : Vignette,2.4,0,2.4,0,0,0,0,0,0,0,0
"WEEK OF OCT 24, 2016 (B)",Home Depot Home Center : Home Center/Hardware Store,3331,1519.9,800.6,15.2,2,0,0,0,988.1,5.3,0
"WEEK OF OCT 24, 2016 (B)",Home Depot Home Center : Vignette,0.3,0,0.3,0,0,0,0,0,0,0,0
"WEEK OF OCT 31, 2016 (B)",Home Depot Home Center & Kidde : Combo Vignette,2.4,0,0,0,2.4,0,0,0,0,0,0
"WEEK OF OCT 31, 2016 (B)",Home Depot Home Center : Home & Building Products DR,59,0,59,0,0,0,0,0,0,0,0
"WEEK OF OCT 31, 2016 (B)",Home Depot Home Center : Home Center/Hardware Store,7813.7,2654.6,2761.2,15.1,63,882.5,0,157.1,1259.2,2.3,18.8
"WEEK OF OCT 31, 2016 (B)",Home Depot Inc : Recruitment,2.1,0,0,0,0,0,0,2.1,0,0,0
"WEEK OF NOV 07, 2016 (B)",Home Depot Home Center & Kidde : Combo Vignette,3.9,0,0,0,3.9,0,0,0,0,0,0
"WEEK OF NOV 07, 2016 (B)",Home Depot Home Center : Home & Building Products DR,61.2,0,61.2,0,0,0,0,0,0,0,0
"WEEK OF NOV 07, 2016 (B)",Home Depot Home Center : Home Center/Hardware Store,6667,1831.3,3312.1,15.1,56.7,0,0,145.7,1304.3,1.8,0
"WEEK OF NOV 07, 2016 (B)",Home Depot Home Center : Vignette,13,0,11.1,0,1.9,0,0,0,0,0,0
"WEEK OF NOV 14, 2016 (B)",Home Depot Home Center & Kidde : Combo Vignette,2.6,0,0,0,2.6,0,0,0,0,0,0
"WEEK OF NOV 14, 2016 (B)",Home Depot Home Center : Home Center/Hardware Store,7266.2,3103.8,2633.4,15.1,52.6,0,0,155.3,1304.3,1.8,0
"WEEK OF NOV 14, 2016 (B)",Home Depot Home Center : Vignette,7.5,0,7.5,0,0,0,0,0,0,0,0
"WEEK OF NOV 21, 2016 (B)",Home Depot Home Center & Kidde : Combo Vignette,2.2,0,0,0,2.2,0,0,0,0,0,0
"WEEK OF NOV 21, 2016 (B)",Home Depot Home Center : Home & Building Products DR,11.8,0,11.8,0,0,0,0,0,0,0,0
"WEEK OF NOV 21, 2016 (B)",Home Depot Home Center : Home Center/Hardware Store,7106.6,3874,1299,15.1,42.1,0,0,570.4,1304.3,1.8,0
"WEEK OF NOV 21, 2016 (B)",Home Depot Home Center : Lawn & Garden Products DR,3.6,0,0,0,0,0,0,3.6,0,0,0
"WEEK OF NOV 28, 2016 (B)",Home Depot Home Center : Home Center/Hardware Store,4761.5,2315.8,1184.2,15.2,30.3,422.1,0,0,782.7,2.8,8.4
"WEEK OF NOV 28, 2016 (B)",Home Depot Home Center : Vignette,9.9,0,2.7,0,7.2,0,0,0,0,0,0
"WEEK OF DEC 05, 2016 (B)",Home Depot Home Center : Home & Building Products DR,70.9,0,70.9,0,0,0,0,0,0,0,0
"WEEK OF DEC 05, 2016 (B)",Home Depot Home Center : Home Center/Hardware Store,2145.4,838.8,857.8,9.8,44.1,0,0,0,391.4,3.6,0
"WEEK OF DEC 05, 2016 (B)",Home Depot Home Center : Online,0,0,0,0,0,0,0,0,0,0,0
"WEEK OF DEC 05, 2016 (B)",Home Depot Home Center : Vignette,158.6,151.7,0.2,0,6.7,0,0,0,0,0,0
"WEEK OF DEC 12, 2016 (B)",Home Depot Home Center : Home Center/Hardware Store,2122.8,654.4,1031.8,15.2,26.4,0,0,0,391.4,3.6,0
"WEEK OF DEC 19, 2016 (B)",Home Depot Home Center & Kidde : Combo Vignette,0.2,0,0,0,0.2,0,0,0,0,0,0
"WEEK OF DEC 19, 2016 (B)",Home Depot Home Center : Home Center/Hardware Store,2031.4,1130.2,267.1,15.2,4.9,0,0,219,391.4,3.6,0
"WEEK OF DEC 19, 2016 (B)",Home Depot Home Center : Vignette,0.3,0,0,0,0.3,0,0,0,0,0,0
"WEEK OF DEC 26, 2016 (B)",Home Depot Home Center & Kidde : Combo Vignette,0.6,0,0,0,0.6,0,0,0,0,0,0
"WEEK OF DEC 26, 2016 (B)",Home Depot Home Center : Home Center/Hardware Store,4092.1,1345.8,1179,20.6,4.7,1060.9,0,0,474.7,3.2,3.2
"WEEK OF DEC 26, 2016 (B)",Home Depot Home Center : Vignette,6.9,0,6.9,0,0,0,0,0,0,0,0
"WEEK OF JAN 02, 2017 (B)",Home Depot Home Center & Kidde : Combo Vignette,5.6,0,0,0,5.6,0,0,0,0,0,0
"WEEK OF JAN 02, 2017 (B)",Home Depot Home Center : Home Center/Hardware Store,3168.8,1093.4,1088,11.8,0.3,0,0,0,974.2,1.1,0
"WEEK OF JAN 02, 2017 (B)",Home Depot Home Center : Vignette,1.3,0,1.3,0,0,0,0,0,0,0,0
"WEEK OF JAN 09, 2017 (B)",Home Depot Home Center & Kidde : Combo Vignette,3.4,0,0,0,3.4,0,0,0,0,0,0
"WEEK OF JAN 09, 2017 (B)",Home Depot Home Center : Home Center/Hardware Store,4046.9,226.8,2597.3,16.2,19,0,0,212.2,974.2,1.1,0
"WEEK OF JAN 09, 2017 (B)",Home Depot Home Center : Vignette,6.7,0,6.7,0,0,0,0,0,0,0,0
"WEEK OF JAN 16, 2017 (B)",Home Depot Home Center & Kidde : Combo Vignette,4.9,0,0,0,4.9,0,0,0,0,0,0
"WEEK OF JAN 16, 2017 (B)",Home Depot Home Center : Home Center/Hardware Store,1687,0,654.6,16.2,40.8,0,0,0,974.2,1.1,0
"WEEK OF JAN 16, 2017 (B)",Home Depot Home Center : Vignette,5.2,0,5.2,0,0,0,0,0,0,0,0
"WEEK OF JAN 23, 2017 (B)",Home Depot Home Center & Kidde : Combo Vignette,2.4,0,0,0,2.4,0,0,0,0,0,0
"WEEK OF JAN 23, 2017 (B)",Home Depot Home Center : Home Center/Hardware Store,1633.9,0,614.1,16.2,28.2,0,0,0,974.2,1.1,0
"WEEK OF JAN 30, 2017 (B)",Home Depot Home Center & Kidde : Combo Vignette,2.2,0,0,0,2.2,0,0,0,0,0,0
"WEEK OF JAN 30, 2017 (B)",Home Depot Home Center : Home Center/Hardware Store,1671.8,0,625.9,14.9,218.4,0,0,0,647.5,160.8,4.3
"WEEK OF JAN 30, 2017 (B)",Home Depot Home Center : Vignette,5.5,0,5.5,0,0,0,0,0,0,0,0
"WEEK OF JAN 30, 2017 (B)",Home Depot Inc : Corporate Promotion,19.2,0,0,0,0,0,0,19.2,0,0,0
"WEEK OF FEB 06, 2017 (B)",Home Depot Home Center & Kidde : Combo Vignette,2.8,0,0,0,2.8,0,0,0,0,0,0
"WEEK OF FEB 06, 2017 (B)",Home Depot Home Center : Home Center/Hardware Store,1484.5,0,574.5,14.9,11.3,0,0,142.4,516.9,224.6,0
"WEEK OF FEB 06, 2017 (B)",Home Depot Home Center : Vignette,4.5,0,4.5,0,0,0,0,0,0,0,0
"WEEK OF FEB 13, 2017 (B)",Home Depot Home Center & Kidde : Combo Vignette,1.4,0,0,0,1.4,0,0,0,0,0,0
"WEEK OF FEB 13, 2017 (B)",Home Depot Home Center : Home Center/Hardware Store,1275.6,0,368.6,14.9,150.7,0,0,0,516.9,224.6,0
"WEEK OF FEB 13, 2017 (B)",Home Depot Home Center : Online,0.1,0,0,0,0.1,0,0,0,0,0,0
"WEEK OF FEB 20, 2017 (B)",Home Depot Home Center & Kidde : Combo Vignette,0.4,0,0,0,0.4,0,0,0,0,0,0
"WEEK OF FEB 20, 2017 (B)",Home Depot Home Center : Home Center/Hardware Store,1266.3,0,330.2,14.9,179.7,0,0,0,516.9,224.6,0
"WEEK OF FEB 20, 2017 (B)",Home Depot Home Center : Vignette,2.3,0,2.3,0,0,0,0,0,0,0,0
"WEEK OF FEB 27, 2017 (B)",Home Depot Home Center & Kidde : Combo Vignette,1.8,0,0,0,1.8,0,0,0,0,0,0
"WEEK OF FEB 27, 2017 (B)",Home Depot Home Center : Home Center/Hardware Store,2117.8,0,101.2,14.7,236.4,763.1,0,25.8,416.5,555.8,4.3
"WEEK OF FEB 27, 2017 (B)",Home Depot Inc : Corporate Promotion,370.2,0,0,0,0,370.2,0,0,0,0,0
"WEEK OF MAR 06, 2017 (B)",Home Depot Home Center & Kidde : Combo Vignette,0.7,0,0,0,0.7,0,0,0,0,0,0
"WEEK OF MAR 06, 2017 (B)",Home Depot Home Center : Home Center/Hardware Store,1441.6,0,146,14.7,216.2,0,0,0,376.4,688.3,0
"WEEK OF MAR 13, 2017 (B)",Home Depot Home Center & Kidde : Combo Vignette,2.7,0,0,0,2.7,0,0,0,0,0,0
"WEEK OF MAR 13, 2017 (B)",Home Depot Home Center : Home Center/Hardware Store,1439.5,0,50.4,14.7,281.7,0,0,28,376.4,688.3,0
"WEEK OF MAR 20, 2017 (B)",Home Depot Home Center & Kidde : Combo Vignette,2.2,0,0,0,2.2,0,0,0,0,0,0
"WEEK OF MAR 20, 2017 (B)",Home Depot Home Center : Home Center/Hardware Store,2082.4,0,732,14.7,271,0,0,0,376.4,688.3,0
"WEEK OF MAR 20, 2017 (B)",Home Depot Home Center : Vignette,3.4,0,3.4,0,0,0,0,0,0,0,0
"WEEK OF MAR 27, 2017 (B)",Home Depot & Sacramento Municipal Utility District : Combo,0.2,0,0,0,0,0,0,0.2,0,0,0
"WEEK OF MAR 27, 2017 (B)",Home Depot Home Center & Kidde : Combo Vignette,2.2,0,0,0,2.2,0,0,0,0,0,0
"WEEK OF MAR 27, 2017 (B)",Home Depot Home Center : Home Center/Hardware Store,5388.3,1146.2,2144.1,14.6,67.8,445.5,0,260,700.8,512,97.3
"WEEK OF MAR 27, 2017 (B)",Home Depot Home Center : Vignette,5.9,0,5.9,0,0,0,0,0,0,0,0
"WEEK OF MAR 27, 2017 (B)",Home Depot Inc : Recruitment,5.2,0,0,0,0,0,0,5.2,0,0,0
"WEEK OF APR 03, 2017 (B)",Home Depot Home Center & Kidde : Combo Vignette,1.8,0,0,0,1.8,0,0,0,0,0,0
"WEEK OF APR 03, 2017 (B)",Home Depot Home Center : Home Center/Hardware Store,5617,1820.3,2175.1,14.6,24.1,0,0,0,1511.7,71.3,0
"WEEK OF APR 03, 2017 (B)",Home Depot Home Center : Vignette,4.6,0,4.6,0,0,0,0,0,0,0,0
"WEEK OF APR 10, 2017 (B)",Home Depot Home Center : Home Center/Hardware Store,4009.4,1470.3,926.6,14.6,14.7,0,0,0.3,1511.7,71.3,0
"WEEK OF APR 10, 2017 (B)",Home Depot Home Center : Vignette,2.1,0,2.1,0,0,0,0,0,0,0,0
"WEEK OF APR 17, 2017 (B)",Home Depot Home Center : Home Center/Hardware Store,4474.6,238.9,2376.5,14.6,17.7,0,0,244,1511.7,71.3,0
"WEEK OF APR 17, 2017 (B)",Home Depot Home Center : Vignette,11.1,0,11.1,0,0,0,0,0,0,0,0
"WEEK OF APR 24, 2017 (B)",Home Depot Home Center : Home & Building Products DR,1.2,0,1.2,0,0,0,0,0,0,0,0
"WEEK OF APR 24, 2017 (B)",Home Depot Home Center : Home Center/Hardware Store,4086.4,0,2469.9,14.6,13.6,0,0,5.4,1511.7,71.3,0
"WEEK OF APR 24, 2017 (B)",Home Depot Home Center : Vignette,6.6,0,6.6,0,0,0,0,0,0,0,0
"WEEK OF MAY 01, 2017 (B)",Home Depot Home Center : Home Center/Hardware Store,3456.6,0,595,14.5,4.2,984.1,0,163.3,1619.5,73,3.2
"WEEK OF MAY 01, 2017 (B)",Home Depot Home Center : Lawn & Garden Products DR,4.7,0,0,0,0,0,0,4.7,0,0,0
"WEEK OF MAY 01, 2017 (B)",Home Depot Home Center : Vignette,5.1,0,5.1,0,0,0,0,0,0,0,0
"WEEK OF MAY 08, 2017 (B)",Home Depot Home Center : Home Center/Hardware Store,3575.1,0,1696.7,14.5,6.3,0,0,165.1,1619.5,73,0
"WEEK OF MAY 08, 2017 (B)",Home Depot Home Center : Lawn & Garden Products DR,4.7,0,0,0,0,0,0,4.7,0,0,0
"WEEK OF MAY 08, 2017 (B)",Home Depot Home Center : Vignette,11.4,0,11.4,0,0,0,0,0,0,0,0
"WEEK OF MAY 15, 2017 (B)",Home Depot Home Center : Home & Building Products DR,643.1,0,643.1,0,0,0,0,0,0,0,0
"WEEK OF MAY 15, 2017 (B)",Home Depot Home Center : Home Center/Hardware Store,6590.5,1925.9,2743,14.5,39.8,0,0,174.8,1619.5,73,0
"WEEK OF MAY 15, 2017 (B)",Home Depot Home Center : Online,0.1,0,0.1,0,0,0,0,0,0,0,0
"WEEK OF MAY 15, 2017 (B)",Home Depot Home Center : Vignette,12.2,0,12.2,0,0,0,0,0,0,0,0
"WEEK OF MAY 22, 2017 (B)",Home Depot Home Center : Home & Building Products DR,450.6,0,450.6,0,0,0,0,0,0,0,0
"WEEK OF MAY 22, 2017 (B)",Home Depot Home Center : Home Center/Hardware Store,6632.1,1670.5,2925.9,14.5,90,0,0,238.7,1619.5,73,0
"WEEK OF MAY 22, 2017 (B)",Home Depot Home Center : Lawn & Garden Products DR,6.5,0,0,0,0,0,0,6.5,0,0,0
"WEEK OF MAY 22, 2017 (B)",Home Depot Home Center : Vignette,4,0,4,0,0,0,0,0,0,0,0
"WEEK OF MAY 29, 2017 (B)",Home Depot Home Center : Home & Building Products DR,201.2,0,201.2,0,0,0,0,0,0,0,0
"WEEK OF MAY 29, 2017 (B)",Home Depot Home Center : Home Center/Hardware Store,6541.3,0,2441.1,11.8,115.6,1977.5,0,2.5,1662.5,327.2,3.2
"WEEK OF MAY 29, 2017 (B)",Home Depot Home Center : Vignette,9.6,0,9.6,0,0,0,0,0,0,0,0
"WEEK OF JUN 05, 2017 (B)",Home Depot Home Center : Home Center/Hardware Store,4468,563.5,1341,14.4,102.1,0,0,234.5,1694.7,517.8,0
"WEEK OF JUN 05, 2017 (B)",Home Depot Home Center : Vignette,14.8,0,14.8,0,0,0,0,0,0,0,0
"WEEK OF JUN 12, 2017 (B)",Home Depot Home Center : Home Center/Hardware Store,4597.6,1092.5,1071.2,14.4,207,0,0,0,1694.7,517.8,0
"WEEK OF JUN 12, 2017 (B)",Home Depot Home Center : Vignette,13.7,0,13.7,0,0,0,0,0,0,0,0
"WEEK OF JUN 19, 2017 (B)",Home Depot Home Center : Home Center/Hardware Store,4491.5,822.2,1268.9,14.4,55.6,0,0,117.9,1694.7,517.8,0
"WEEK OF JUN 19, 2017 (B)",Home Depot Home Center : Vignette,9.6,0,9.6,0,0,0,0,0,0,0,0
"WEEK OF JUN 26, 2017 (B)",Home Depot Home Center : Home & Building Products DR,1,0,0,0,0,0,0,0,0,0,1
"WEEK OF JUN 26, 2017 (B)",Home Depot Home Center : Home Center/Hardware Store,8837.3,1817.8,1265.9,14.4,52.3,3417.3,0,229.9,1616.6,418.1,5.1
"WEEK OF JUN 26, 2017 (B)",Home Depot Home Center : Vignette,8.7,0,8.7,0,0,0,0,0,0,0,0
"WEEK OF JUL 03, 2017 (B)",Home Depot Home Center : Home Center/Hardware Store,4429.3,795.3,1896.9,14.4,12.8,0,0,119.9,1421.2,168.7,0
"WEEK OF JUL 03, 2017 (B)",Home Depot Home Center : Vignette,13.1,0,13.1,0,0,0,0,0,0,0,0
"WEEK OF JUL 10, 2017 (B)",Home Depot Home Center : Home Center/Hardware Store,2793.8,0,1175.3,14.4,13.9,0,0,0.3,1421.2,168.7,0
"WEEK OF JUL 10, 2017 (B)",Home Depot Home Center : Vignette,13,0,13,0,0,0,0,0,0,0,0
"WEEK OF JUL 17, 2017 (B)",Home Depot Home Center : Home Center/Hardware Store,3174,56.1,1503.3,14.4,10,0,0,0.3,1421.2,168.7,0
"WEEK OF JUL 17, 2017 (B)",Home Depot Home Center : Vignette,10.9,0,10.9,0,0,0,0,0,0,0,0
"WEEK OF JUL 24, 2017 (B)",Home Depot Home Center : Home Center/Hardware Store,3663.6,118.6,1877.7,14.4,21.9,0,0,41,1421.2,168.7,0
"WEEK OF JUL 24, 2017 (B)",Home Depot Home Center : Vignette,8.2,0,8.2,0,0,0,0,0,0,0,0
"WEEK OF JUL 31, 2017 (B)",Home Depot Home Center : Home Center/Hardware Store,4347.2,105.1,1842.2,14.3,0.1,1529.6,0,0,794,57.9,3.9
"WEEK OF JUL 31, 2017 (B)",Home Depot Home Center : Vignette,16.9,0,16.8,0,0.1,0,0,0,0,0,0
"WEEK OF AUG 07, 2017 (B)",Home Depot Home Center : Home Center/Hardware Store,2720.1,1144.3,821.4,14.3,4.6,0,0,6.6,689.5,39.4,0
"WEEK OF AUG 07, 2017 (B)",Home Depot Home Center : Vignette,10.3,0,10.3,0,0,0,0,0,0,0,0
"WEEK OF AUG 14, 2017 (B)",Home Depot Home Center : Home Center/Hardware Store,1744.6,0,972,14.3,22.8,0,0,6.6,689.5,39.4,0
"WEEK OF AUG 14, 2017 (B)",Home Depot Home Center : Vignette,6.7,0,6.7,0,0,0,0,0,0,0,0
"WEEK OF AUG 21, 2017 (B)",Anaheim Home & Garden Show/Home Depot : Sponsored Event,5.4,0,0,0,0,0,0,5.4,0,0,0
"WEEK OF AUG 21, 2017 (B)",Home Depot Home Center : Home Center/Hardware Store,2171.2,4.6,1399.3,12.4,19.4,0,0,6.6,689.5,39.4,0
"WEEK OF AUG 21, 2017 (B)",Home Depot Home Center : Vignette,7.9,0,7.9,0,0,0,0,0,0,0,0
"WEEK OF AUG 28, 2017 (B)",Home Depot : Mobile App,1.1,0,0,0,0,0,0,0,0,0,1.1
"WEEK OF AUG 28, 2017 (B)",Home Depot Center Stadium,0.3,0,0,0,0,0,0,0,0,0,0.3
"WEEK OF AUG 28, 2017 (B)",Home Depot Home Center : Home Center/Hardware Store,6017.8,1000.4,1999.8,13.9,83.2,1822.1,0,258.5,800.6,30.6,8.6
"WEEK OF AUG 28, 2017 (B)",Home Depot Home Center : Vignette,5.4,0,5.4,0,0,0,0,0,0,0,0
"WEEK OF AUG 28, 2017 (B)",Stephen Siller Tunnel To Towers 5k Run & Walk/Home Depot : Sponsored Event,0.7,0,0,0,0.7,0,0,0,0,0,0
"WEEK OF SEP 04, 2017 (B)",Home Depot Home Center : Home Center/Hardware Store,5281.1,1660.5,2521.1,3.9,115.1,0,0,12.9,948.8,18.8,0
"WEEK OF SEP 04, 2017 (B)",Home Depot Home Center : Vignette,6.6,0,6.6,0,0,0,0,0,0,0,0
"WEEK OF SEP 04, 2017 (B)",Stephen Siller Tunnel To Towers 5k Run & Walk/Home Depot : Sponsored Event,0.7,0,0,0,0.7,0,0,0,0,0,0
"WEEK OF SEP 11, 2017 (B)",Home Depot Home Center : Home Center/Hardware Store,3964.5,2063.3,921.1,3.9,8.3,0,0,0.3,948.8,18.8,0
"WEEK OF SEP 11, 2017 (B)",Home Depot Home Center : Vignette,5,0,5,0,0,0,0,0,0,0,0
"WEEK OF SEP 18, 2017 (B)",Home Depot Home Center : Home Center/Hardware Store,5841.6,4105.7,758.4,3.9,5.8,0,0,0.3,948.8,18.8,0
"WEEK OF SEP 18, 2017 (B)",Home Depot Home Center : Vignette,3.3,0,3.3,0,0,0,0,0,0,0,0
"WEEK OF SEP 25, 2017 (B)",Home Depot Center Stadium,0.3,0,0,0,0,0,0,0,0,0,0.3
"WEEK OF SEP 25, 2017 (B)",Home Depot Home Center : Home Center/Hardware Store,8728.4,2729,1958.8,3.9,15.9,3031.7,0,0.3,964.6,20.3,3.9
"WEEK OF SEP 25, 2017 (B)",Home Depot Home Center : Vignette,14.1,0,14.1,0,0,0,0,0,0,0,0
"WEEK OF SEP 25, 2017 (B)",Home Depot Inc : Recruitment,0,0,0,0,0,0,0,0,0,0,0
"WEEK OF OCT 02, 2017 (B)",Home Depot Home Center : Home Center/Hardware Store,8070.1,4702.6,2065.8,3.9,91.4,0,0,117.9,1059.5,28.9,0
"WEEK OF OCT 02, 2017 (B)",Home Depot Home Center : Vignette,11.8,0,11.8,0,0,0,0,0,0,0,0
"WEEK OF OCT 02, 2017 (B)",Home Depot Inc : Recruitment,0.3,0,0,0,0,0,0,0,0,0.3,0
"WEEK OF OCT 09, 2017 (B)",Home Depot Home Center : Home Center/Hardware Store,4900.8,2089.5,1530.5,3.9,188.2,0,0,0.3,1059.5,28.9,0
"WEEK OF OCT 09, 2017 (B)",Home Depot Home Center : Vignette,9,0,9,0,0,0,0,0,0,0,0
"WEEK OF OCT 09, 2017 (B)",Home Depot Inc : Recruitment,0.3,0,0,0,0,0,0,0,0,0.3,0
"WEEK OF OCT 16, 2017 (B)",Home Depot Home Center : Home Center/Hardware Store,4774.6,2247.7,1271.2,3.9,163.2,0,0,0.3,1059.5,28.9,0
"WEEK OF OCT 16, 2017 (B)",Home Depot Home Center : Vignette,13.4,0,13.4,0,0,0,0,0,0,0,0
"WEEK OF OCT 16, 2017 (B)",Home Depot Inc : Recruitment,0.3,0,0,0,0,0,0,0,0,0.3,0
"WEEK OF OCT 23, 2017 (B)",Home Depot Home Center : Home Center/Hardware Store,4910,2628.1,1054.2,3.9,135.2,0,0,0.3,1059.5,28.9,0
"WEEK OF OCT 23, 2017 (B)",Home Depot Home Center : Vignette,9.3,0,9.3,0,0,0,0,0,0,0,0
"WEEK OF OCT 23, 2017 (B)",Home Depot Inc : Recruitment,0.3,0,0,0,0,0,0,0,0,0.3,0
"WEEK OF OCT 30, 2017 (B)",Home Depot Center Stadium,0.2,0,0,0,0,0,0,0,0,0,0.2
"WEEK OF OCT 30, 2017 (B)",Home Depot Home Center : Home Center/Hardware Store,8399,3377.8,1832.9,3.9,190.8,1602.9,0,121,1196.8,69.3,3.6
"WEEK OF OCT 30, 2017 (B)",Home Depot Home Center : Vignette,3.5,0,3.5,0,0,0,0,0,0,0,0
"WEEK OF OCT 30, 2017 (B)",Home Depot Inc : Recruitment,0.1,0,0,0,0,0,0,0,0,0.1,0
"WEEK OF NOV 06, 2017 (B)",Home Depot Home Center : Home Center/Hardware Store,6756.9,2226.1,2912.5,3.9,165.3,0,0,111.9,1251.7,85.5,0
"WEEK OF NOV 06, 2017 (B)",Home Depot Home Center : Vignette,16,0,16,0,0,0,0,0,0,0,0
"WEEK OF NOV 13, 2017 (B)",Home Depot Home Center : Home Center/Hardware Store,9130.6,5271.4,2320.6,3.9,82.4,0,0,115.2,1251.7,85.5,0
"WEEK OF NOV 13, 2017 (B)",Home Depot Home Center : Vignette,18.2,0,18.2,0,0,0,0,0,0,0,0
"WEEK OF NOV 20, 2017 (B)",Home Depot & Sacramento Municipal Utility District : Combo,2,0,0,0,0,0,0,2,0,0,0
"WEEK OF NOV 20, 2017 (B)",Home Depot Home Center : Home & Building Products DR,25.2,0,25.2,0,0,0,0,0,0,0,0
"WEEK OF NOV 20, 2017 (B)",Home Depot Home Center : Home Center/Hardware Store,10213.3,5831.1,2338.3,3.9,81.6,0,37,584.3,1251.7,85.5,0
"WEEK OF NOV 20, 2017 (B)",Home Depot Home Center : Vignette,20.4,0,20.4,0,0,0,0,0,0,0,0
"WEEK OF NOV 27, 2017 (B)",Home Depot Home Center : Home Center/Hardware Store,6360.8,3117.5,1365.1,4.8,43.4,798.3,0,0.3,958.9,67.3,5.2
"WEEK OF NOV 27, 2017 (B)",Home Depot Home Center : Vignette,5.2,0,5.2,0,0,0,0,0,0,0,0
"WEEK OF DEC 04, 2017 (B)",Home Depot Home Center : Home Center/Hardware Store,3298.6,1583.5,1077.2,4.8,21.1,0,0,0.3,568.6,43.1,0
"WEEK OF DEC 04, 2017 (B)",Home Depot Home Center : Vignette,4.3,0,3.7,0,0.6,0,0,0,0,0,0
"WEEK OF DEC 04, 2017 (B)",Home Depot Inc : Corporate Promotion,0,0,0,0,0,0,0,0,0,0,0
"WEEK OF DEC 11, 2017 (B)",Home Depot Home Center & Kidde : Combo Vignette,4.1,0,0,0,4.1,0,0,0,0,0,0
"WEEK OF DEC 11, 2017 (B)",Home Depot Home Center : Home Center/Hardware Store,2482.5,1064.6,788.5,4.8,12.9,0,0,0,568.6,43.1,0
"WEEK OF DEC 11, 2017 (B)",Home Depot Home Center : Vignette,3.7,0,3.7,0,0,0,0,0,0,0,0
"WEEK OF DEC 18, 2017 (B)",Home Depot Home Center & Kidde : Combo Vignette,6.1,0,0,0,6.1,0,0,0,0,0,0
"WEEK OF DEC 18, 2017 (B)",Home Depot Home Center : Home Center/Hardware Store,2898.9,1550.8,714.9,9.6,11.7,0,0,0.3,568.6,43.1,0
"WEEK OF DEC 25, 2017 (B)",Home Depot Home Center & Kidde : Combo Vignette,1.2,0,0,0,1.2,0,0,0,0,0,0
"WEEK OF DEC 25, 2017 (B)",Home Depot Home Center : Home Center/Hardware Store,5233.1,2782,1677,4.8,157.4,0,0,0.3,568.6,43.1,0
"WEEK OF DEC 25, 2017 (B)",Home Depot Home Center : Vignette,7.2,0,7.2,0,0,0,0,0,0,0,0
"WEEK OF JAN 01, 2018 (B)",Home Depot Center Stadium,40.6,0,0,0,0,0,0,0,0,0,40.6
"WEEK OF JAN 01, 2018 (B)",Home Depot Home Center : Home Center/Hardware Store,5327.1,1070,2571.5,0,163.2,491,0,0.5,908.3,99.5,23.1
"WEEK OF JAN 01, 2018 (B)",Home Depot Home Center : Vignette,5.2,0,5.2,0,0,0,0,0,0,0,0
"WEEK OF JAN 01, 2018 (B)",Home Depot Inc : Corporate Promotion,0.9,0,0,0,0.9,0,0,0,0,0,0
"WEEK OF JAN 08, 2018 (B)",Home Depot Home Center : Home Center/Hardware Store,5336.2,1053,3003.2,4.8,145.6,0,0,121.9,908.3,99.5,0
"WEEK OF JAN 08, 2018 (B)",Home Depot Home Center : Lawn & Garden Products DR,3.1,0,0,0,0,0,0,3.1,0,0,0
"WEEK OF JAN 08, 2018 (B)",Home Depot Home Center : Vignette,10,0,10,0,0,0,0,0,0,0,0
"WEEK OF JAN 15, 2018 (B)",Home Depot Home Center : Home Center/Hardware Store,1933.8,1.8,792.1,4.8,127,0,0,0.3,908.3,99.5,0
"WEEK OF JAN 15, 2018 (B)",Home Depot Home Center : Vignette,7.1,0,7.1,0,0,0,0,0,0,0,0
"WEEK OF JAN 22, 2018 (B)",Home Depot Home Center : Home Center/Hardware Store,1970.3,1.8,837.9,4.8,117.8,0,0,0.3,908.3,99.5,0
"WEEK OF JAN 22, 2018 (B)",Home Depot Home Center : Vignette,9.6,0,9.6,0,0,0,0,0,0,0,0
"WEEK OF JAN 29, 2018 (B)",Home Depot Home Center : Home & Building Products DR,6.1,0,6.1,0,0,0,0,0,0,0,0
"WEEK OF JAN 29, 2018 (B)",Home Depot Home Center : Home Center/Hardware Store,2425.3,169.6,565.8,4.8,132.7,749.3,0,0,657.7,140.9,4.5
"WEEK OF JAN 29, 2018 (B)",Home Depot Home Center : Vignette,10,0,10,0,0,0,0,0,0,0,0
"WEEK OF FEB 05, 2018 (B)",Home Depot Home Center : Home Center/Hardware Store,1272.7,1.8,516.4,4.8,2,0,0,105.9,469.7,172,0
"WEEK OF FEB 05, 2018 (B)",Home Depot Home Center : Vignette,2.4,0,2.4,0,0,0,0,0,0,0,0
"WEEK OF FEB 12, 2018 (B)",Home Depot Home Center : Home Center/Hardware Store,1256.2,1.8,464.3,4.8,143.5,0,0,0,469.7,172,0
"WEEK OF FEB 12, 2018 (B)",Home Depot Home Center : Vignette,6,0,6,0,0,0,0,0,0,0,0
"WEEK OF FEB 19, 2018 (B)",Home Depot Home Center : Home Center/Hardware Store,1614.8,1.8,515.3,4.8,451.2,0,0,0,469.7,172,0
"WEEK OF FEB 19, 2018 (B)",Home Depot Home Center : Vignette,3.3,0,3.3,0,0,0,0,0,0,0,0
"WEEK OF FEB 26, 2018 (B)",Home Depot Home Center : Home Center/Hardware Store,1470.5,1.8,41.3,4.8,463.6,206.1,0,24.9,356.3,365.7,6.1
"WEEK OF MAR 05, 2018 (B)",Clyde Littlefield TX Relays 2018/Home Depot : Sponsored Event,2,0,0,0,0,0,0,2,0,0,0
"WEEK OF MAR 05, 2018 (B)",Home Depot Home Center : Home Center/Hardware Store,1182.2,1.8,34.6,4.8,359,0,0,0,271.2,510.9,0
"WEEK OF MAR 12, 2018 (B)",Home Depot Home Center & Kidde : Combo Vignette,0.1,0,0,0,0.1,0,0,0,0,0,0
"WEEK OF MAR 12, 2018 (B)",Home Depot Home Center : Home Center/Hardware Store,1157.6,1.8,8.8,4.8,342,0,0,18.1,271.2,510.9,0
"WEEK OF MAR 19, 2018 (B)",Home Depot Home Center & Kidde : Combo Vignette,0,0,0,0,0,0,0,0,0,0,0
"WEEK OF MAR 19, 2018 (B)",Home Depot Home Center : Home Center/Hardware Store,1612.1,1.8,524.2,4.8,299.2,0,0,0,271.2,510.9,0
"WEEK OF MAR 19, 2018 (B)",Home Depot Home Center : Vignette,3.6,0,3.6,0,0,0,0,0,0,0,0
"WEEK OF MAR 26, 2018 (B)",Clyde Littlefield TX Relays 2018/Home Depot : Sponsored Event,4.1,0,0,0,0,0,0,4.1,0,0,0
"WEEK OF MAR 26, 2018 (B)",Home Depot Home Center & Kidde : Combo Vignette,0,0,0,0,0,0,0,0,0,0,0
"WEEK OF MAR 26, 2018 (B)",Home Depot Home Center : Home Center/Hardware Store,1397.5,1.8,444.1,4.7,16.6,0,0,0.3,454.9,461.9,13.3
"WEEK OF MAR 26, 2018 (B)",Home Depot Home Center : Vignette,3,0,3,0,0,0,0,0,0,0,0
"WEEK OF APR 02, 2018 (B)",Home Depot Home Center : Home & Building Products DR,10.9,0,10.9,0,0,0,0,0,0,0,0
"WEEK OF APR 02, 2018 (B)",Home Depot Home Center : Home Center/Hardware Store,4822.7,865.9,1943.7,4.7,76.1,0,0,207.7,1557,167.6,0
"WEEK OF APR 02, 2018 (B)",Home Depot Home Center : Vignette,16.6,0,16.6,0,0,0,0,0,0,0,0
"WEEK OF APR 09, 2018 (B)",Home Depot Home Center : Home Center/Hardware Store,5476.3,1341.7,2346.3,4.7,53.3,0,0,5.7,1557,167.6,0
"WEEK OF APR 09, 2018 (B)",Home Depot Home Center : Vignette,16.1,0,16.1,0,0,0,0,0,0,0,0
"WEEK OF APR 16, 2018 (B)",Home Depot Home Center : Home Center/Hardware Store,4881.1,316.2,2541,4.7,44.3,0,0,250.2,1557,167.6,0
"WEEK OF APR 16, 2018 (B)",Home Depot Home Center : Vignette,68.7,0,68.7,0,0,0,0,0,0,0,0
"WEEK OF APR 16, 2018 (B)",Pinners Conference/Home Depot & Tandy Leather : Sponsored Event,0.1,0,0,0,0.1,0,0,0,0,0,0
"WEEK OF APR 23, 2018 (B)",Home Depot Home Center : Home & Building Products DR,31.4,0,31.4,0,0,0,0,0,0,0,0
"WEEK OF APR 23, 2018 (B)",Home Depot Home Center : Home Center/Hardware Store,4687.1,2,2895.6,4.7,60.2,0,0,0,1557,167.6,0
"WEEK OF APR 23, 2018 (B)",Home Depot Home Center : Vignette,3.5,0,3.5,0,0,0,0,0,0,0,0
"WEEK OF APR 23, 2018 (B)",Pinners Conference/Home Depot & Tandy Leather : Sponsored Event,0.3,0,0,0,0.3,0,0,0,0,0,0
"WEEK OF APR 30, 2018 (B)",Home Depot Home Center : Home Center/Hardware Store,5765.5,2,1458.4,4.6,3,2241.2,0,160.7,1556.8,112.5,226.3
"WEEK OF APR 30, 2018 (B)",Home Depot Home Center : Lawn & Garden Products DR,4.7,0,0,0,0,0,0,4.7,0,0,0
"WEEK OF MAY 07, 2018 (B)",Home Depot Home Center : Home Center/Hardware Store,4351.6,2,2479.6,4.6,26.8,0,0,178.5,1556.8,103.4,0
"WEEK OF MAY 14, 2018 (B)",Home Depot Home Center : Home Center/Hardware Store,6792.4,1844.9,3053.4,4.6,64.1,0,0,165.4,1556.8,103.4,0
"WEEK OF MAY 14, 2018 (B)",Home Depot Home Center : Lawn & Garden Products DR,4.7,0,0,0,0,0,0,4.7,0,0,0
"WEEK OF MAY 14, 2018 (B)",Home Depot Home Center : Vignette,6,0,6,0,0,0,0,0,0,0,0
"WEEK OF MAY 21, 2018 (B)",Home Depot Home Center : Home Center/Hardware Store,7263.9,2287,2942.3,4.6,150.4,0,0,219.4,1556.8,103.4,0
"WEEK OF MAY 21, 2018 (B)",Home Depot Home Center : Vignette,6.2,0,6.2,0,0,0,0,0,0,0,0
"WEEK OF MAY 28, 2018 (B)",Home Depot : Mobile App,31.5,0,0,0,0,0,0,0,0,0,31.5
"WEEK OF MAY 28, 2018 (B)",Home Depot Home Center : Home Center/Hardware Store,7241.1,372.2,2567,4.5,161.5,2321.5,0,2.3,1596.5,128,87.8
"WEEK OF MAY 28, 2018 (B)",Home Depot Home Center : Vignette,17.7,0,17.7,0,0,0,0,0,0,0,0
"WEEK OF JUN 04, 2018 (B)",Home Depot Home Center : Home Center/Hardware Store,4922.8,1212.8,1558.3,4.5,150.4,0,0,186.5,1649.4,160.9,0
"WEEK OF JUN 04, 2018 (B)",Home Depot Home Center : Vignette,17.7,0,17.7,0,0,0,0,0,0,0,0
"WEEK OF JUN 11, 2018 (B)",Home Depot Home Center : Home Center/Hardware Store,4911.7,816.9,2165.5,4.5,111.1,0,0,3.4,1649.4,160.9,0
"WEEK OF JUN 11, 2018 (B)",Home Depot Home Center : Vignette,25.5,0,25.5,0,0,0,0,0,0,0,0
"WEEK OF JUN 18, 2018 (B)",Home Depot Home Center : Home & Building Products DR,6,0,6,0,0,0,0,0,0,0,0
"WEEK OF JUN 18, 2018 (B)",Home Depot Home Center : Home Center/Hardware Store,5041.1,1267.5,1827.5,4.5,15.7,0,0,115.7,1649.4,160.9,0
"WEEK OF JUN 18, 2018 (B)",Home Depot Home Center : Vignette,15.5,0,15.5,0,0,0,0,0,0,0,0
"WEEK OF JUN 25, 2018 (B)",Home Depot Home Center : Home Center/Hardware Store,7269.5,1372,2268.3,4.4,26.1,1478.6,0,201,1625.6,155.4,138.1
"WEEK OF JUN 25, 2018 (B)",Home Depot Home Center : Vignette,19.6,0,19.6,0,0,0,0,0,0,0,0
"WEEK OF JUL 02, 2018 (B)",Home Depot Home Center : Home Center/Hardware Store,4289.3,317.2,2234.9,4.4,41.2,0,0,86.7,1482.6,122.3,0
"WEEK OF JUL 02, 2018 (B)",Home Depot Home Center : Vignette,8.9,0,8.9,0,0,0,0,0,0,0,0
"WEEK OF JUL 09, 2018 (B)",Home Depot Home Center & Kidde : Combo Vignette,1.6,0,0,0,1.6,0,0,0,0,0,0
"WEEK OF JUL 09, 2018 (B)",Home Depot Home Center : Home Center/Hardware Store,2932.9,2,1302.7,4.4,18.5,0,0,0.3,1482.6,122.3,0
"WEEK OF JUL 09, 2018 (B)",Home Depot Home Center : Vignette,10.5,0,10.5,0,0,0,0,0,0,0,0
"WEEK OF JUL 16, 2018 (B)",Home Depot Home Center & Kidde : Combo Vignette,1.7,0,0,0,1.7,0,0,0,0,0,0
"WEEK OF JUL 16, 2018 (B)",Home Depot Home Center : Home Center/Hardware Store,3061.1,2,1431,4.4,18.5,0,0,0.3,1482.6,122.3,0
"WEEK OF JUL 16, 2018 (B)",Home Depot Home Center : Vignette,10.8,0,10.8,0,0,0,0,0,0,0,0
"WEEK OF JUL 23, 2018 (B)",Home Depot Home Center & Kidde : Combo Vignette,1.6,0,0,0,1.6,0,0,0,0,0,0
"WEEK OF JUL 23, 2018 (B)",Home Depot Home Center : Home Center/Hardware Store,2851,2,1226.4,4.4,13,0,0,0.3,1482.6,122.3,0
"WEEK OF JUL 23, 2018 (B)",Home Depot Home Center : Vignette,5.9,0,5.9,0,0,0,0,0,0,0,0
"WEEK OF JUL 30, 2018 (B)",Home Depot Home Center & Kidde : Combo Vignette,5.1,0,0,0,5.1,0,0,0,0,0,0
"WEEK OF JUL 30, 2018 (B)",Home Depot Home Center : Home Center/Hardware Store,4093,17.3,2132.9,4.4,28.5,749.3,0,0.3,998.9,76.1,85.5
"WEEK OF JUL 30, 2018 (B)",Home Depot Home Center : Vignette,10.8,0,10.8,0,0,0,0,0,0,0,0
"WEEK OF AUG 06, 2018 (B)",Home Depot Home Center & Kidde : Combo Vignette,0.6,0,0,0,0.6,0,0,0,0,0,0
"WEEK OF AUG 06, 2018 (B)",Home Depot Home Center : Home Center/Hardware Store,2069.6,2,1199.3,4.4,0.6,0,0,0.3,805.4,57.6,0
"WEEK OF AUG 06, 2018 (B)",Home Depot Home Center : Vignette,7.7,0,7.7,0,0,0,0,0,0,0,0
"WEEK OF AUG 13, 2018 (B)",Home Depot Home Center : Home Center/Hardware Store,2101.9,2,1208.9,4.4,23.3,0,0,0.3,805.4,57.6,0
"WEEK OF AUG 13, 2018 (B)",Home Depot Home Center : Vignette,3.7,0,3.7,0,0,0,0,0,0,0,0
"WEEK OF AUG 20, 2018 (B)",Home Depot Home Center : Home Center/Hardware Store,3029.1,2,2122.4,4.4,37.1,0,0,0.3,805.4,57.6,0
"WEEK OF AUG 20, 2018 (B)",Home Depot Home Center : Vignette,10.5,0,10.5,0,0,0,0,0,0,0,0
"WEEK OF AUG 27, 2018 (B)",Home Depot Home Center : Home Center/Hardware Store,5004.3,660.7,1970.8,4.2,60.9,1118.3,0,224.1,862.4,57.5,45.5
"WEEK OF AUG 27, 2018 (B)",Home Depot Home Center : Vignette,10.7,0,10.7,0,0,0,0,0,0,0,0
"WEEK OF SEP 03, 2018 (B)",Home Depot Home Center : Home Center/Hardware Store,5053,1676.5,2250.9,4.2,59.1,0,0,0.3,1004.9,57.1,0
"WEEK OF SEP 03, 2018 (B)",Home Depot Home Center : Vignette,7.2,0,7.2,0,0,0,0,0,0,0,0
"WEEK OF SEP 10, 2018 (B)",Home Depot Home Center : Home Center/Hardware Store,4912.5,2217.4,1626.3,4.2,2.4,0,0,0.3,1004.9,57.1,0
"WEEK OF SEP 10, 2018 (B)",Home Depot Home Center : Vignette,8.7,0,8.7,0,0,0,0,0,0,0,0
"WEEK OF SEP 17, 2018 (B)",Home Depot Home Center : Home Center/Hardware Store,4273.8,1581.6,1622.9,4.2,2.9,0,0,0.3,1004.9,57.1,0
"WEEK OF SEP 17, 2018 (B)",Home Depot Home Center : Vignette,5.5,0,5.5,0,0,0,0,0,0,0,0
"WEEK OF SEP 24, 2018 (B)",Home Depot Home Center : Home Center/Hardware Store,3306,1814.8,423.1,4.2,1.7,0,0,0.3,1004.9,57.1,0
"WEEK OF OCT 01, 2018 (B)",Home Depot Home Center : Home Center/Hardware Store,7212,1498.7,2411.7,4.2,37.2,2317.4,0,96,703.4,106.2,37.2
"WEEK OF OCT 01, 2018 (B)",Home Depot Home Center : Vignette,7.7,0,7.7,0,0,0,0,0,0,0,0
